{
    "material_cost(CHF/kg)": 2.0, 
    "manufacturing_cost(CHF/kg)": 6.0, 
    "density(g/m3)": 7.87e6,
    "BH_data":{
        "B(T)": [0,
                0.052553888,
                0.102638104,
                0.147782977,
                0.185518833,
                0.214232844,
                0.235739542,
                0.252710302,
                0.2678165,
                0.283290477,
                0.299608438,
                0.316807555,
                0.334925,
                0.353997339,
                0.374058708,
                0.395142641,
                0.417282667,
                0.440509906,
                0.464845833,
                0.49030951,
                0.51692,
                0.544690956,
                0.573614396,
                0.60367693,
                0.634865167,
                0.667156365,
                0.700490375,
                0.734797698,
                0.770008833,
                0.806041781,
                0.842764542,
                0.880032615,
                0.9177015,
                0.955615536,
                0.993574417,
                1.031366672,
                1.068780833,
                1.105603992,
                1.141617479,
                1.176601185,
                1.210335,
                1.242613318,
                1.273288542,
                1.302227578,
                1.329297333,
                1.354390404,
                1.377502146,
                1.398653607,
                1.417865833,
                1.435181411,
                1.450729083,
                1.46465913,
                1.477121833,
                1.488273141,
                1.498291667,
                1.507361693,
                1.5156675,
                1.523385466,
                1.530660354,
                1.537629023,
                1.544428333,
                1.551184031,
                1.557977417,
                1.564878677,
                1.571958,
                1.57927812,
                1.586871958,
                1.594764984,
                1.602982667,
                1.611546565,
                1.620462604,
                1.629732799,
                1.639359167,
                1.649340792,
                1.659665042,
                1.670316354,
                1.681279167,
                1.69253476,
                1.704051792,
                1.71579576,
                1.727732167,
                1.739824102,
                1.752025021,
                1.764285971,
                1.776558,
                1.788792552,
                1.800942667,
                1.812961781,
                1.824803333,
                1.836425089,
                1.847802125,
                1.858913849,
                1.869739667,
                1.88026519,
                1.890500854,
                1.900463299,
                1.910169167,
                1.919638917,
                1.928908292,
                1.938016854,
                1.947004167,
                1.955908732,
                1.964764813,
                1.973605612,
                1.982464333,
                1.991369698,
                2.0003325,
                2.009359052,
                2.018455667,
                2.027624424,
                2.036850479,
                2.046114753,
                2.055398167,
                2.064680661,
                2.07393825,
                2.083145964,
                2.092278833,
                2.101314917,
                2.110244375,
                2.119060396,
                2.127756167,
                2.136330042,
                2.144801042,
                2.153193354,
                2.161531167,
                2.169842833,
                2.178173375,
                2.186571979,
                2.195087833,
                2.203771534,
                2.212679313,
                2.22186881,
                2.231397667,
                2.241323023,
                2.251700021,
                2.262583299,
                2.2740275,
                2.286086826,
                2.298813729,
                2.312260227,
                2.326478333,
                2.341520849,
                2.357443708,
                2.37430363,
                2.392157333,
                2.410898752,
                2.429770682,
                2.447853134,
                2.46422612,
                2.48009867,
                2.505195892,
                2.551371916,
                2.630480868,
                2.750535062,
                2.904179548,
                3.080217563,
                3.267452341,
                4,
                8,
                15,
                50,
                100,
                1000,
                10000],