{
    "material_cost(CHF/kg)": 2.0, 
    "manufacturing_cost(CHF/kg)": 6.0, 
    "density(g/m3)": 7.87e6,
    "BH_data":{
        "B(T)": [0.0,
                 0.8,
                 1.0,
                 1.1,
                 1.2,
                 1.3,
                 1.3875,
                 1.45,
                 1.5,
                 1.545,
                 1.575,
                 1.6275,
                 1.67375,
                 1.70225,
                 1.72750,
                 1.75825,
                 1.80875,
                 1.85,
                 1.9025,
                 2.05,
                 2.5,
                 3,
                 4,
                 5,
                 10,
                 100,
                 1000,
                 10000],
        "H(A/m)": [0.0,
                    200,
                    270,
                    318.25,
                    384.50,
                    479.5,
                    608.56,
                    755.437,
                    939.185,
                    1188.93,
                    1407.93,
                    2077.3,
                    3117.9,
                    3969.4,
                    4843.7,
                    6081.3,
                    8581.1,
                    11066.4,
                    14985.7,
                    33003.3,
                    397887.3577,
                    723431.5595,
                    1591549.431,
                    2340513.869,
                    7234315.595,
                    78789575.79,
                    795774715.5,
                    795774715]
    }
}

