{
    "material_cost(CHF/kg)": 2.0, 
    "manufacturing_cost(CHF/kg)": 6.0, 
    "density(g/m3)": 7.87e6,
    "BH_data":{
        "B(T)": [0,
                    0.625,
                    0.75,
                    1.05,
                    1.25,
                    1.5,
                    1.75,
                    2,
                    2.3,
                    3,
                    5,
                    50,
                    100,
                    1000,
                    10000],
        "H(A/m)": [0,
                    284.2052555,
                    367.2806379,
                    668.450761,
                    994.7183943,
                    2387.324146,
                    6963.02876,
                    31830.98862,
                    203364.6495,
                    723431.5595,
                    2340513.869,
                    36171577.98,
                    75788068.14,
                    787895757.9,
                    7957747155]
    }
}

