{
    "material_cost(CHF/kg)": 2.0, 
    "manufacturing_cost(CHF/kg)": 10.0, 
    "density(g/m3)": 7.874e6,
    "BH_data":{
        "B(T)": [0,
                0.129773333,
                0.258186667,
                0.38388,
                0.505493333,
                0.621666667,
                0.73124,
                0.833853333,
                0.929346667,
                1.01756,
                1.098333333,
                1.171826667,
                1.23948,
                1.303053333,
                1.364306667,
                1.425,
                1.486306667,
                1.547053333,
                1.60548,
                1.659826667,
                1.708333333,
                1.749786667,
                1.78516,
                1.815973333,
                1.843746667,
                1.87,
                1.896,
                1.922,
                1.948,
                1.974,
                2,
                2.02596,
                2.05168,
                2.07692,
                2.10144,
                2.125,
                2.14744,
                2.16892,
                2.18968,
                2.20996,
                2.23,
                2.250173333,
                2.271386667,
                2.29468,
                2.321093333,
                2.351666667,
                2.38684,
                2.424653333,
                2.462546667,
                2.497960001,
                2.528333336,
                2.552746671,
                2.576840009,
                2.607893351,
                2.6531867,
                2.720000057,
                2.813440091,
                2.929920132,
                3.06368018,
                3.208960232,
                3.360000286,
                4,
                17.84000015,
                47.84000014,
                97.84000014,
                1000,
                10000,
                100000],
        "H(A/m)": [0,
                    8,
                    16,
                    24,
                    32,
                    40,
                    48.052,
                    56.416,
                    65.404,
                    75.328,
                    86.5,
                    100.8506667,
                    126.7853333,
                    174.328,
                    253.5026667,
                    374.3333333,
                    548.7653333,
                    796.4293333,
                    1138.877333,
                    1597.661333,
                    2194.333333,
                    2946.434667,
                    3855.464,
                    4918.909333,
                    6134.258667,
                    7499,
                    9024.916,
                    10780.968,
                    12850.412,
                    15316.504,
                    18262.5,
                    21763.28933,
                    25860.29467,
                    30586.572,
                    35975.17733,
                    42059.16667,
                    48870.37067,
                    56435.71867,
                    64780.91467,
                    73931.66267,
                    83913.66667,
                    94869.756,
                    107411.2613,
                    122266.6387,
                    140164.344,
                    161832.8333,
                    187537.988,
                    215695.3907,
                    244258.0493,
                    271178.972,
                    294411.1667,
                    313203.9413,
                    331991.804,
                    356505.5627,
                    392476.0253,
                    445634,
                    519991.216,
                    612683.088,
                    719125.952,
                    834736.144,
                    954930,
                    1464225.59,
                    12477747.77,
                    36350989.23,
                    76139725,
                    794055842.2,
                    7956028281,
                    79575752673]
    }
}

