yoke_type,coil_material,max_turns,J_tar(A/mm2),coil_diam(mm),insulation(mm),winding_radius(mm),yoke_spacer(mm),material,field_density,delta_x(m),delta_y(m),delta_z(m),resol_x(m),resol_y(m),resol_z(m),Z_pos(m),Xmgap1(m),Xmgap2(m),Z_len(m),Xcore1(m),Xvoid1(m),Xyoke1(m),Xcore2(m),Xvoid2(m),Xyoke2(m),Ycore1(m),Yvoid1(m),Yyoke1(m),Ycore2(m),Yvoid2(m),Yyoke2(m),NI(A)
Mag1,copper_water_cooled.json,10,-1,9,0.5,0,5,aisi1010.json,5,0.5,0.5,0.5,0.02,0.02,0.05,0.0,0.0,0.0,2.41,0.5,0.52,1.02,0.5,0.52,1.02,1.19,1.19,1.69,1.19,1.19,1.69,59120.1396413075
Mag1,copper_water_cooled.json,10,-1,9,0.5,0,5,aisi1010.json,5,0.5,0.5,0.5,0.02,0.02,0.05,2.51,0.0,0.0,5.1568,0.7037,0.7237,1.420363,0.1908,0.21079999,0.399692,0.2899,0.2899,0.9865,0.3415,0.3415,0.53040004,32936.79649565694
Mag1,copper_water_cooled.json,10,-1,9,0.5,0,5,aisi1010.json,5,0.5,0.5,0.5,0.02,0.02,0.05,7.7667994,0.0,0.0,5.2135997,0.5039,0.581,1.0798609,0.2914,0.3114,0.59988594,0.25530002,0.25530002,0.7542,1.1542,1.1542,1.4426999,43875.29373160238
Mag1,copper_water_cooled.json,10,-1,9,0.5,0,5,aisi1010.json,5,0.5,0.5,0.5,0.02,0.02,0.05,13.0803995,0.0,0.0,5.0554,0.05,0.55660003,0.6061,0.120299995,0.14029999,0.25939697,0.05,0.05,0.0995,0.05,0.05,0.1691,14724.658257281191
Mag3,copper_water_cooled.json,10,-1,9,0.5,0,5,aisi1010.json,5,0.5,0.5,0.5,0.02,0.02,0.05,18.2358,0.0,0.0,2.8502,0.05,0.0862,0.1357,0.2607,0.2807,0.41105,0.2882,0.2882,0.3378,0.1902,0.1902,0.3214,9249.494501236513
Mag3,copper_water_cooled.json,10,-1,9,0.5,0,5,aisi1010.json,5,0.5,0.5,0.5,0.02,0.02,0.05,21.186,0.0834,0.0834,2.4428,0.13340001,0.1534,0.17840001,0.3578,0.37780002,0.649456,1.2736,1.2736,1.2988,0.35860002,0.35860002,0.6315,25775.267085973526
Mag3,copper_water_cooled.json,10,-1,9,0.5,0,5,aisi1010.json,5,0.5,0.5,0.5,0.02,0.02,0.05,23.728802,0.0,0.0,5.1182003,0.05,0.07,0.0955,0.7062,0.7262,1.2417259,0.856,0.856,0.8814,0.9597,0.9597,1.4734,29082.32772671414
