yoke_type,coil_material,max_turns,J_tar(A/mm2),coil_diam(mm),insulation(mm),yoke_spacer(mm),material,field_density,delta_x(m),delta_y(m),delta_z(m),NI(A),resol_x(m),resol_y(m),resol_z(m),Z_pos(m),Xmgap1(m),Xmgap2(m),Z_len(m),Xcore1(m),Xvoid1(m),Xyoke1(m),Xcore2(m),Xvoid2(m),Xyoke2(m),Ycore1(m),Yvoid1(m),Yyoke1(m),Ycore2(m),Yvoid2(m),Yyoke2(m)
Mag1,copper_water_cooled.json,10,-1,9,0.5,5,aisi1010.json,5,0.5,0.5,0.5,59120.14788072363,0.02,0.02,0.05,0.0,0.0,0.0,2.3100002,0.5,0.52,1.02,0.5,0.52,1.02,1.19,1.19,1.69,1.19,1.19,1.69
Mag1,copper_water_cooled.json,10,-1,9,0.5,5,aisi1010.json,5,0.5,0.5,0.5,50071.41213094463,0.02,0.02,0.05,2.4100000858306885,0.0,0.0,4.136769,0.7801377,0.91926724,1.699405,0.80705416,0.90543485,1.7125129,0.20356736,0.20356736,0.98370504,0.4985572,0.4985572,1.3056352
Mag1,copper_water_cooled.json,10,-1,9,0.5,5,aisi1010.json,5,0.5,0.5,0.5,53471.285557374096,0.02,0.02,0.05,6.646768569946289,0.0,0.0,4.866387,0.5605231,0.8148061,1.3753469,0.53049177,0.67196584,1.2025054,0.5466666,0.5466666,1.1072073,0.9681122,0.9681122,1.4986517
Mag1,copper_water_cooled.json,10,-1,9,0.5,5,aisi1010.json,5,0.5,0.5,0.5,43111.73600373325,0.02,0.02,0.05,11.713155746459961,0.0,0.0,4.097989,0.17101392,0.7256392,0.8966576,0.19512706,0.42424893,0.6193821,1.0785012,1.0785012,1.2495196,0.44772282,0.44772282,0.642856
Mag3,copper_water_cooled.json,10,-1,9,0.5,5,aisi1010.json,5,0.5,0.5,0.5,26508.319721522726,0.02,0.02,0.05,15.911144256591797,0.0,0.0,3.1997273,0.05,0.17300043,0.22300042,0.20591055,0.33938795,0.5452985,0.62035686,0.62035686,0.67035687,0.49695098,0.49695098,0.70286155
Mag3,copper_water_cooled.json,10,-1,9,0.5,5,aisi1010.json,5,0.5,0.5,0.5,29757.319700103406,0.02,0.02,0.05,19.21087074279785,0.0,0.0,4.0724754,0.30955243,0.43391493,0.7434299,0.14258134,0.2801304,0.42271173,0.80960524,0.80960524,1.1191201,0.22397631,0.22397631,0.36655766
Mag3,copper_water_cooled.json,10,-1,9,0.5,5,aisi1010.json,5,0.5,0.5,0.5,67203.84618508621,0.02,0.02,0.05,23.383346557617188,0.042594004,0.042594004,4.4555097,0.49022582,0.7732269,1.2208587,0.7660617,1.0044491,1.7279167,0.7837471,0.7837471,1.2313789,1.3942134,1.3942134,2.117681
