yoke_type,coil_material,max_turns,J_tar(A/mm2),coil_diam(mm),insulation(mm),winding_radius(mm),yoke_spacer(mm),material,field_density,delta_x(m),delta_y(m),delta_z(m),resol_x(m),resol_y(m),resol_z(m),Z_pos(m),Xmgap1(m),Xmgap2(m),Z_len(m),Xcore1(m),Xvoid1(m),Xyoke1(m),Xcore2(m),Xvoid2(m),Xyoke2(m),Ycore1(m),Yvoid1(m),Yyoke1(m),Ycore2(m),Yvoid2(m),Yyoke2(m),NI(A)
Mag1,copper_water_cooled.json,10,-1,9,0.5,0,5,aisi1010.json,5,0.5,0.5,0.5,0.02,0.02,0.05,0.0,0.0,0.0,2.3100002,0.5,0.52,1.02,0.5,0.52,1.02,1.19,1.19,1.69,1.19,1.19,1.69,59120.13964130748
Mag1,copper_water_cooled.json,10,-1,9,0.5,0,5,aisi1010.json,5,0.5,0.5,0.5,0.02,0.02,0.05,2.4100000858306885,0.0,0.0,2.4365878,0.6326142,0.6526142,1.2789023,0.10425718,0.13693218,0.24014679,0.04,0.04,0.6662881,0.04,0.04,0.14321461,20414.48833012945
Mag1,copper_water_cooled.json,10,-1,9,0.5,0,5,aisi1010.json,5,0.5,0.5,0.5,0.02,0.02,0.05,4.946587562561035,0.0,0.0,4.9128413,0.05,0.07,0.120569065,0.17397022,0.19397022,0.36620075,0.812675,0.812675,0.86324406,0.11876764,0.11876764,0.29099816,20421.451919967192
Mag1,copper_water_cooled.json,10,-1,9,0.5,0,5,aisi1010.json,5,0.5,0.5,0.5,0.02,0.02,0.05,10.059429168701172,0.0,0.0,5.9789214,0.05,1.1510513,1.2005513,0.15567397,0.17567396,0.3297912,1.2156844,1.2156844,1.2651844,0.05,0.05,0.20411722,44314.479588727576
Mag3,copper_water_cooled.json,10,-1,9,0.5,0,5,aisi1010.json,5,0.5,0.5,0.5,0.02,0.02,0.05,16.138351440429688,0.0,0.0,1.4275254,0.05,0.07,0.11949623,0.3878252,0.5631951,0.86006,0.05,0.05,0.09949623,0.05,0.05,0.3468649,11120.805884257636
Mag3,copper_water_cooled.json,10,-1,9,0.5,0,5,aisi1010.json,5,0.5,0.5,0.5,0.02,0.02,0.05,17.665876388549805,0.3,0.3,2.146274,0.56002045,0.5811851,0.8062284,0.35000002,0.37,0.41939706,1.0353616,1.0353616,1.260405,0.30176526,0.30176526,0.3511623,19893.01291777344
Mag3,copper_water_cooled.json,10,-1,9,0.5,0,5,aisi1010.json,5,0.5,0.5,0.5,0.02,0.02,0.05,19.912151336669922,0.0,0.0,4.733968,0.3,0.32000002,0.623,0.4,0.42000002,0.7679911,0.05,0.05,0.35300002,1.0954075,1.0954075,1.4433986,27527.647733070124
