yoke_type,coil_material,max_turns,J_tar(A/mm2),NI(A),coil_diam(mm),insulation(mm),yoke_spacer(mm),material,field_density,delta_x(m),delta_y(m),delta_z(m),resol_x(m),resol_y(m),resol_z(m),Z_pos(m),Xmgap1(m),Xmgap2(m),Z_len(m),Xcore1(m),Xvoid1(m),Xyoke1(m),Xcore2(m),Xvoid2(m),Xyoke2(m),Ycore1(m),Yvoid1(m),Yyoke1(m),Ycore2(m),Yvoid2(m),Yyoke2(m)
Mag1,copper_water_cooled.json,10,10,122.73190000000001,9,0.5,5,aisi1010.json,5,0.5,0.5,0.5,0.02,0.02,0.05,0.0,0.0,0.0,4.5200000000000005,0.5,0.52,1.02,0.5,0.52,1.02,1.19,1.19,1.69,1.19,1.19,1.69
Mag1,copper_water_cooled.json,10,10,154.0224,9,0.5,5,aisi1010.json,5,0.5,0.5,0.5,0.02,0.02,0.05,4.62,0.0,0.0,3.3177999999999996,0.72,0.82,1.54,0.51,0.5800000000000001,1.09,0.29,0.29,1.01,0.46,0.46,0.97
Mag1,copper_water_cooled.json,10,10,187.7236,9,0.5,5,aisi1010.json,5,0.5,0.5,0.5,0.02,0.02,0.05,8.0378,0.0,0.0,3.3013999999999997,0.54,0.68,1.2200000000000002,0.38,0.47,0.85,0.46,0.46,1.0,1.3,1.3,1.6800000000000002
Mag1,copper_water_cooled.json,10,10,105.55959999999999,9,0.5,5,aisi1010.json,5,0.5,0.5,0.5,0.02,0.02,0.05,11.5392,0.0,0.0,4.5174,0.1,0.61,0.71,0.31,0.42,0.73,0.35,0.35,0.44999999999999996,0.31,0.31,0.62
Mag3,copper_water_cooled.json,10,10,83.2779,9,0.5,5,aisi1010.json,5,0.5,0.5,0.5,0.02,0.02,0.05,16.156599999999997,0.0,0.0,3.9751999999999996,0.05,0.13,0.18,0.32,0.4,0.72,0.54,0.54,0.5900000000000001,0.24,0.24,0.56
Mag3,copper_water_cooled.json,10,10,148.7304,9,0.5,5,aisi1010.json,5,0.5,0.5,0.5,0.02,0.02,0.05,20.231799999999996,0.0,0.0,4.9118,0.22,0.3,0.52,0.32,0.45,0.77,1.3,1.3,1.52,0.35,0.35,0.6699999999999999
Mag3,copper_water_cooled.json,10,10,208.8911,9,0.5,5,aisi1010.json,5,0.5,0.5,0.5,0.02,0.02,0.05,25.243599999999997,0.0,0.0,3.8766000000000003,0.33,0.42000000000000004,0.75,0.77,1.03,1.8,0.85,0.85,1.18,0.9,0.9,1.67
