yoke_type,coil_material,max_turns,J_tar(A/mm2),coil_diam(mm),insulation(mm),yoke_spacer(mm),material,field_density,delta_x(m),delta_y(m),delta_z(m),NI(A),resol_x(m),resol_y(m),resol_z(m),Z_pos(m),Xmgap1(m),Xmgap2(m),Z_len(m),Xcore1(m),Xvoid1(m),Xyoke1(m),Xcore2(m),Xvoid2(m),Xyoke2(m),Ycore1(m),Yvoid1(m),Yyoke1(m),Ycore2(m),Yvoid2(m),Yyoke2(m)
Mag1,copper_water_cooled.json,10,10,9,0.5,5,aisi1010.json,5,0.5,0.5,0.5,16606.0,0.02,0.02,0.05,0.0,0.0,0.0,4.5200000000000005,0.5,0.52,1.02,0.5,0.52,1.02,1.19,1.19,1.69,1.19,1.19,1.69
Mag1,copper_water_cooled.json,10,10,9,0.5,5,aisi1010.json,5,0.5,0.5,0.5,466230.34,0.02,0.02,0.05,4.62,0.0,0.0,4.309800000000001,1.3562,1.3762,2.678152,0.6903,0.7103,1.3729879999999999,0.1838,0.1838,1.485752,0.4229,0.4229,1.085588
Mag1,copper_water_cooled.json,10,10,9,0.5,5,aisi1010.json,5,0.5,0.5,0.5,469864.41,0.02,0.02,0.05,9.029800000000002,0.0633,0.0633,3.6218,0.6455,0.6655,1.294276,0.543,0.5675,1.085576,0.7029000000000001,0.7029000000000001,1.331676,0.6498,0.6498,1.1678760000000001
Mag1,copper_water_cooled.json,10,10,9,0.5,5,aisi1010.json,5,0.5,0.5,0.5,421437.12,0.02,0.02,0.05,12.851600000000001,0.0,0.0,5.7026,0.21960000000000002,0.7205,0.9884120000000001,0.2661,0.2861,0.610742,0.8465,0.8465,1.1144120000000002,0.1249,0.1249,0.449542
Mag3,copper_water_cooled.json,10,10,9,0.5,5,aisi1010.json,5,0.5,0.5,0.5,295822.41,0.02,0.02,0.05,18.654200000000003,0.0,0.0,2.5772000000000004,0.05,0.07,0.1305,0.4277,0.44770000000000004,0.965217,0.8403,0.8403,0.9008,0.2973,0.2973,0.814817
Mag3,copper_water_cooled.json,10,10,9,0.5,5,aisi1010.json,5,0.5,0.5,0.5,96303.66,0.02,0.02,0.05,21.331400000000002,0.0,0.0,3.5578,0.0915,0.1833,0.26931,0.8459,0.8659,1.6610459999999998,1.2734999999999999,1.2734999999999999,1.3595099999999998,1.9372,1.9372,2.7323459999999997
Mag3,copper_water_cooled.json,10,10,9,0.5,5,aisi1010.json,5,0.5,0.5,0.5,95329.62,0.02,0.02,0.05,24.989200000000004,0.0,0.0,2.3396,0.2347,0.2547,0.5856269999999999,0.3741,0.3941,0.921581,0.7454000000000001,0.7454000000000001,1.076327,0.2446,0.2446,0.772081
