yoke_type,coil_material,max_turns,J_tar(A/mm2),coil_diam(mm),insulation(mm),winding_radius(mm),yoke_spacer(mm),material,field_density,delta_x(m),delta_y(m),delta_z(m),resol_x(m),resol_y(m),resol_z(m),Z_pos(m),Xmgap1(m),Xmgap2(m),Z_len(m),Xcore1(m),Xvoid1(m),Xyoke1(m),Xcore2(m),Xvoid2(m),Xyoke2(m),Ycore1(m),Yvoid1(m),Yyoke1(m),Ycore2(m),Yvoid2(m),Yyoke2(m),NI(A)
Mag1,copper_water_cooled.json,10,-1,9,0.5,0,5,aisi1010.json,5,0.5,0.5,0.5,0.02,0.02,0.05,0.0,0.0,0.0,2.3100002,0.5,0.52,1.02,0.5,0.52,1.02,1.19,1.19,1.69,1.19,1.19,1.69,59120.13964130748
Mag1,copper_water_cooled.json,10,-1,9,0.5,0,5,aisi1010.json,5,0.5,0.5,0.5,0.02,0.02,0.05,2.4100000858306885,5.36017e-05,5.36017e-05,4.2619734,0.07848584,0.15718648,0.2595591,1.4076393,1.4280003,2.834337,0.084519215,0.084519215,0.18689182,0.04307963,0.04307963,1.4494164,32811.73217473907
Mag1,copper_water_cooled.json,10,-1,9,0.5,0,5,aisi1010.json,5,0.5,0.5,0.5,0.02,0.02,0.05,6.771973609924316,3.1751548e-05,3.1751548e-05,5.663168,0.694774,0.71486884,1.421288,0.15342689,0.18484144,0.33670262,0.051219314,0.051219314,0.7576386,0.8581224,0.8581224,1.0099835,30990.820658161985
Mag1,copper_water_cooled.json,10,-1,9,0.5,0,5,aisi1010.json,5,0.5,0.5,0.5,0.02,0.02,0.05,12.635141372680664,5.4024207e-05,5.4024207e-05,5.119077,0.17331201,0.6312426,0.8034611,0.27421293,0.29427817,0.624979,0.14914095,0.14914095,0.3213595,0.08404869,0.08404869,0.4147496,9997.551757486877
Mag3,copper_water_cooled.json,10,-1,9,0.5,0,5,aisi1010.json,5,0.5,0.5,0.5,0.02,0.02,0.05,17.854217529296875,0.0003162026,0.0003162026,0.9723382,0.051656004,0.07203142,0.1191661,0.7017573,0.79875255,1.27028,0.3047543,0.3047543,0.35188895,0.0637708,0.0637708,0.53529835,371.2626874145469
Mag3,copper_water_cooled.json,10,-1,9,0.5,0,5,aisi1010.json,5,0.5,0.5,0.5,0.02,0.02,0.05,18.926555633544922,0.31561378,0.31561378,3.3045964,1.149046,1.2762791,1.9862108,0.36756262,0.3875631,0.4396303,1.2619739,1.2619739,1.9719057,0.55039006,0.55039006,0.6024573,8128.489284406163
Mag3,copper_water_cooled.json,10,-1,9,0.5,0,5,aisi1010.json,5,0.5,0.5,0.5,0.02,0.02,0.05,22.331151962280273,0.0007670679,0.0007670679,6.4138,0.31372312,0.33372313,0.6021863,0.52580786,0.5460424,1.0701102,0.107706405,0.107706405,0.37616962,0.9852807,0.9852807,1.5093485,865.4274421499924
