yoke_type,coil_material,max_turns,J_tar(A/mm2),coil_diam(mm),insulation(mm),winding_radius(mm),yoke_spacer(mm),material,field_density,delta_x(m),delta_y(m),delta_z(m),NI(A),resol_x(m),resol_y(m),resol_z(m),Z_pos(m),Xmgap1(m),Xmgap2(m),Z_len(m),Xcore1(m),Xvoid1(m),Xyoke1(m),Xcore2(m),Xvoid2(m),Xyoke2(m),Ycore1(m),Yvoid1(m),Yyoke1(m),Ycore2(m),Yvoid2(m),Yyoke2(m)
Mag1,copper_water_cooled.json,10,-1,9,0.5,0,5,aisi1010.json,5,0.5,0.5,0.5,59120.14788072363,0.02,0.02,0.05,0.0,0.0,0.0,2.3100002,0.5,0.52,1.02,0.5,0.52,1.02,1.19,1.19,1.69,1.19,1.19,1.69
Mag1,copper_water_cooled.json,10,-1,9,0.5,0,5,aisi1010.json,5,0.5,0.5,0.5,38747.46932921373,0.02,0.02,0.05,2.4100000858306885,0.0,0.0,4.4089203,0.42820293,0.44820294,0.87640584,0.3347742,0.90936565,1.2441399,0.13466075,0.13466075,0.5628637,0.69545907,0.69545907,1.0302333
Mag1,copper_water_cooled.json,10,-1,9,0.5,0,5,aisi1010.json,5,0.5,0.5,0.5,20004.111232986674,0.02,0.02,0.05,6.918920516967773,0.0,0.0,5.31458,0.37822723,0.39822724,0.77645445,0.05,0.07,0.120000005,0.16351156,0.16351156,0.5417388,0.48053324,0.48053324,0.53053325
Mag1,copper_water_cooled.json,10,-1,9,0.5,0,5,aisi1010.json,5,0.5,0.5,0.5,38493.7436751779,0.02,0.02,0.05,12.433500289916992,0.0,0.0,5.7231402,0.21117935,0.9056436,1.116823,0.17506674,0.19506674,0.37013346,0.51081645,0.51081645,0.72199583,0.7477053,0.7477053,0.92277205
Mag3,copper_water_cooled.json,10,-1,9,0.5,0,5,aisi1010.json,5,0.5,0.5,0.5,20091.45350669097,0.02,0.02,0.05,18.256641387939453,0.0,0.0,4.571517,0.05,0.07,0.120000005,0.5237953,0.5437953,1.0675906,0.3814842,0.3814842,0.43148422,0.05,0.05,0.5737953
Mag3,copper_water_cooled.json,10,-1,9,0.5,0,5,aisi1010.json,5,0.5,0.5,0.5,20390.94215282934,0.02,0.02,0.05,22.928157806396484,0.0,0.0,2.1587632,0.21409947,0.41366738,0.54990804,0.05,0.07,0.11858271,1.1198277,1.1198277,1.2560683,0.5119133,0.5119133,0.56049603
Mag3,copper_water_cooled.json,10,-1,9,0.5,0,5,aisi1010.json,5,0.5,0.5,0.5,23946.3944211241,0.02,0.02,0.05,25.186920166015625,0.0,0.0,3.0196185,0.103050016,0.12305002,0.22610003,0.20574833,0.5822705,0.68188393,0.8695444,0.8695444,0.9725944,0.8193537,0.8193537,0.9189671
