yoke_type,coil_material,max_turns,J_tar(A/mm2),coil_diam(mm),insulation(mm),winding_radius(mm),yoke_spacer(mm),material,field_density,delta_x(m),delta_y(m),delta_z(m),NI(A),resol_x(m),resol_y(m),resol_z(m),Z_pos(m),Xmgap1(m),Xmgap2(m),Z_len(m),Xcore1(m),Xvoid1(m),Xyoke1(m),Xcore2(m),Xvoid2(m),Xyoke2(m),Ycore1(m),Yvoid1(m),Yyoke1(m),Ycore2(m),Yvoid2(m),Yyoke2(m)
Mag1,copper_water_cooled.json,10,-1,9,0.5,0,5,aisi1010.json,5,0.5,0.5,0.5,59120.13964130748,0.02,0.02,0.05,0.0,0.0,0.0,2.3100002,0.5,0.52,1.02,0.5,0.52,1.02,1.19,1.19,1.69,1.19,1.19,1.69
Mag1,copper_water_cooled.json,10,-1,9,0.5,0,5,aisi1010.json,5,0.5,0.5,0.5,34043.65526085863,0.02,0.02,0.05,2.4100000858306885,0.0,0.0,9.76258,0.3166692,0.37424093,1.6470001,0.36670178,0.42132622,1.7,0.27,0.27,0.5866692,0.43,0.43,0.7967018
Mag1,copper_water_cooled.json,10,-1,9,0.5,0,5,aisi1010.json,5,0.5,0.5,0.5,36747.72742309141,0.02,0.02,0.05,12.27258014678955,0.0,0.0,5.101274,0.3266505,0.37933245,1.6999999,0.26655445,0.35178292,1.7350001,0.43,0.43,0.7566505,0.56,0.56,0.8265544
Mag3,copper_water_cooled.json,10,-1,9,0.5,0,5,aisi1010.json,5,0.5,0.5,0.5,744.2261891268749,0.02,0.02,0.05,17.573854446411133,0.1,0.1,4.4716616,0.32551423,0.38604748,1.7339998,0.2658259,0.33546403,1.7710003,0.56,0.56,0.78551424,0.56,0.56,0.7258259
Mag3,copper_water_cooled.json,10,-1,9,0.5,0,5,aisi1010.json,5,0.5,0.5,0.5,2719.1006972223445,0.02,0.02,0.05,22.14551544189453,0.0,0.0,2.734462,0.013112974,0.06811298,1.7720001,0.3417223,0.42327586,1.8000002,0.56,0.56,0.57311296,0.56,0.56,0.9017223
Mag3,copper_water_cooled.json,10,-1,9,0.5,0,5,aisi1010.json,5,0.5,0.5,0.5,19570.59407385988,0.02,0.02,0.05,24.979976654052734,0.1,0.1,4.407888,0.41080588,0.46093124,1.8000001,0.79574686,0.8457469,1.8000001,0.56,0.56,0.87080586,0.56,0.56,1.2557468
