yoke_type,coil_material,max_turns,J_tar(A/mm2),coil_diam(mm),insulation(mm),yoke_spacer(mm),material,field_density,delta_x(m),delta_y(m),delta_z(m),NI(A),resol_x(m),resol_y(m),resol_z(m),Z_pos(m),Xmgap1(m),Xmgap2(m),Z_len(m),Xcore1(m),Xvoid1(m),Xyoke1(m),Xcore2(m),Xvoid2(m),Xyoke2(m),Ycore1(m),Yvoid1(m),Yyoke1(m),Ycore2(m),Yvoid2(m),Yyoke2(m)
Mag1,copper_water_cooled.json,10,-1,9,0.5,5,aisi1010.json,5,0.5,0.5,0.5,59120.14788072363,0.02,0.02,0.05,0.0,0.0,0.0,2.3100002,0.5,0.52,1.02,0.5,0.52,1.02,1.19,1.19,1.69,1.19,1.19,1.69
Mag1,copper_water_cooled.json,10,-1,9,0.5,5,aisi1010.json,5,0.5,0.5,0.5,30637.97809628482,0.02,0.02,0.05,2.4100000858306885,0.0,0.0,4.295352,0.60408854,0.62937474,1.3112094,0.68788373,1.0652368,1.7531205,0.08758597,0.08758597,0.7694208,0.5478888,0.5478888,1.2357726
Mag1,copper_water_cooled.json,10,-1,9,0.5,5,aisi1010.json,5,0.5,0.5,0.5,34771.4166197102,0.02,0.02,0.05,6.805352210998535,0.0,0.0,5.4316354,0.5798187,0.6004279,1.1828377,0.091161184,0.11116119,0.20246279,0.49590066,0.49590066,1.0783105,0.82712966,0.82712966,0.9184313
Mag1,copper_water_cooled.json,10,-1,9,0.5,5,aisi1010.json,5,0.5,0.5,0.5,39829.55520832057,0.02,0.02,0.05,12.43698787689209,0.0,0.0,5.9,0.17517078,1.1618229,1.3369937,0.3463542,0.37047386,0.71682805,0.42022136,0.42022136,0.5953921,0.427643,0.427643,0.7739972
Mag3,copper_water_cooled.json,10,-1,9,0.5,5,aisi1010.json,5,0.5,0.5,0.5,13570.778284490156,0.02,0.02,0.05,18.436988830566406,0.0010915173,0.0010915173,3.3727653,0.05109152,0.07109731,0.121097304,0.54668957,0.5666923,0.9596264,0.36470142,0.36470142,0.41470143,0.052748367,0.052748367,0.44568247
Mag3,copper_water_cooled.json,10,-1,9,0.5,5,aisi1010.json,5,0.5,0.5,0.5,42855.48334048964,0.02,0.02,0.05,21.909753799438477,0.0009633758,0.0009633758,3.116014,0.3221116,0.5821,0.9032482,0.09146542,0.111465424,0.20196746,1.0866668,1.0866668,1.407815,0.8574295,0.8574295,0.9479315
Mag3,copper_water_cooled.json,10,-1,9,0.5,5,aisi1010.json,5,0.5,0.5,0.5,50775.55867760473,0.02,0.02,0.05,25.12576675415039,0.00032916962,0.00032916962,3.3721366,0.16444282,0.18444282,0.3485565,0.74161994,1.0326076,1.7392226,0.8373336,0.8373336,1.0014473,1.3105974,1.3105974,2.0172126
