yoke_type,coil_material,max_turns,J_tar(A/mm2),coil_diam(mm),insulation(mm),winding_radius(mm),yoke_spacer(mm),material,field_density,delta_x(m),delta_y(m),delta_z(m),NI(A),resol_x(m),resol_y(m),resol_z(m),Z_pos(m),Xmgap1(m),Xmgap2(m),Z_len(m),Xcore1(m),Xvoid1(m),Xyoke1(m),Xcore2(m),Xvoid2(m),Xyoke2(m),Ycore1(m),Yvoid1(m),Yyoke1(m),Ycore2(m),Yvoid2(m),Yyoke2(m)
Mag1,copper_water_cooled.json,10,-1,9,0.5,0,5,aisi1010.json,5,0.5,0.5,0.5,59120.146730083456,0.02,0.02,0.05,0.0,0.0,0.0,2.31,0.5,0.52,1.02,0.5,0.52,1.02,1.19,1.19,1.69,1.19,1.19,1.69
Mag1,copper_water_cooled.json,10,-1,9,0.5,0,5,aisi1010.json,5,0.5,0.5,0.5,34055.17835976483,0.02,0.02,0.05,2.41,0.0,0.0,9.7626,0.31670000000000004,0.3743,1.647434,0.3667,0.4213,1.7010830000000001,0.27,0.27,0.5867,0.43,0.43,0.7967
Mag1,copper_water_cooled.json,10,-1,9,0.5,0,5,aisi1010.json,5,0.5,0.5,0.5,36741.753807791545,0.02,0.02,0.05,12.2726,0.0,0.0,5.1012,0.32659999999999995,0.37929999999999997,1.6987639999999997,0.2666,0.3518,1.7354540000000003,0.43,0.43,0.7565999999999999,0.56,0.56,0.8266
Mag3,copper_water_cooled.json,10,-1,9,0.5,0,5,aisi1010.json,5,0.5,0.5,0.5,37390.1829054483,0.02,0.02,0.05,17.573800000000002,0.0,0.0,4.4716000000000005,0.2255,0.28600000000000003,1.73371,0.16579999999999998,0.23539999999999997,1.7707079999999997,0.56,0.56,0.7855000000000001,0.56,0.56,0.7258
Mag3,copper_water_cooled.json,10,-1,9,0.5,0,5,aisi1010.json,5,0.5,0.5,0.5,37792.788179561074,0.02,0.02,0.05,22.145400000000002,0.0,0.0,2.7344,0.0131,0.0681,1.7703140000000002,0.3417,0.4233,1.800351,0.56,0.56,0.5731,0.56,0.56,0.9017000000000001
Mag3,copper_water_cooled.json,10,-1,9,0.5,0,5,aisi1010.json,5,0.5,0.5,0.5,40425.67776471948,0.02,0.02,0.05,24.9798,0.0,0.0,4.4078,0.31079999999999997,0.36089999999999994,1.7999039999999997,0.6958,0.7458,1.803416,0.56,0.56,0.8708,0.56,0.56,1.2558
