yoke_type,coil_material,max_turns,J_tar(A/mm2),coil_diam(mm),insulation(mm),yoke_spacer(mm),material,field_density,delta_x(m),delta_y(m),delta_z(m),NI(A),resol_x(m),resol_y(m),resol_z(m),Z_pos(m),Xmgap1(m),Xmgap2(m),Z_len(m),Xcore1(m),Xvoid1(m),Xyoke1(m),Xcore2(m),Xvoid2(m),Xyoke2(m),Ycore1(m),Yvoid1(m),Yyoke1(m),Ycore2(m),Yvoid2(m),Yyoke2(m)
Mag1,copper_water_cooled.json,10,10,9,0.5,5,aisi1010.json,5,0.5,0.5,0.5,45000.0,0.02,0.02,0.05,0.0,0.0,0.0,4.5200000000000005,0.5,0.52,1.02,0.5,0.52,1.02,1.19,1.19,1.69,1.19,1.19,1.69
Mag1,copper_water_cooled.json,10,10,9,0.5,5,aisi1010.json,5,0.5,0.5,0.5,12723.26,0.02,0.02,0.05,4.62,0.0,0.0,3.0454000000000003,0.6481,0.8314,1.8359550000000002,0.612,0.632,1.5806,0.11359999999999999,0.11359999999999999,1.118155,0.38049999999999995,0.38049999999999995,1.3291
Mag1,copper_water_cooled.json,10,10,9,0.5,5,aisi1010.json,5,0.5,0.5,0.5,10936.32,0.02,0.02,0.05,7.7654000000000005,0.0,0.0,3.0696,0.5571,0.6279,1.190571,0.2722,0.305,0.579922,0.4621,0.4621,1.024771,0.1402,0.1402,0.415122
Mag1,copper_water_cooled.json,10,10,9,0.5,5,aisi1010.json,5,0.5,0.5,0.5,7494.11,0.02,0.02,0.05,11.035,0.0,0.0,5.888400000000001,0.05,0.1436,0.2106,0.5265,0.5465,1.2520099999999998,0.6709,0.6709,0.7379,0.05,0.05,0.75551
Mag3,copper_water_cooled.json,10,10,9,0.5,5,aisi1010.json,5,0.5,0.5,0.5,5147.0,0.02,0.02,0.05,17.023400000000002,0.0151,0.0151,2.5844,0.06649999999999999,0.0867,0.13244599999999998,0.0663,0.0863,0.131868,0.7773,0.7773,0.8230459999999999,0.5447,0.5447,0.590268
Mag3,copper_water_cooled.json,10,10,9,0.5,5,aisi1010.json,5,0.5,0.5,0.5,10073.29,0.02,0.02,0.05,19.707800000000002,0.0007000000000000001,0.0007000000000000001,5.92,0.0507,0.07070000000000001,0.1327,0.306,0.4291,0.8076720000000001,0.7215,0.7215,0.7835000000000001,0.4305,0.4305,0.809072
Mag3,copper_water_cooled.json,10,10,9,0.5,5,aisi1010.json,5,0.5,0.5,0.5,18917.12,0.02,0.02,0.05,25.727800000000002,0.0038,0.0038,3.0919999999999996,0.0556,0.0756,0.14553000000000002,0.5866,0.9377,1.72448,0.8205,0.8205,0.89043,0.5282,0.5282,1.31498
