yoke_type,coil_material,max_turns,J_tar(A/mm2),coil_diam(mm),insulation(mm),winding_radius(mm),yoke_spacer(mm),material,field_density,delta_x(m),delta_y(m),delta_z(m),NI(A),resol_x(m),resol_y(m),resol_z(m),Z_pos(m),Xmgap1(m),Xmgap2(m),Z_len(m),Xcore1(m),Xvoid1(m),Xyoke1(m),Xcore2(m),Xvoid2(m),Xyoke2(m),Ycore1(m),Yvoid1(m),Yyoke1(m),Ycore2(m),Yvoid2(m),Yyoke2(m)
Mag1,copper_water_cooled.json,10,-1,9,0.5,0,5,aisi1010.json,5,0.5,0.5,0.5,59120.146730083456,0.02,0.02,0.05,0.0,0.0,0.0,2.31,0.5,0.52,1.02,0.5,0.52,1.02,1.19,1.19,1.69,1.19,1.19,1.69
Mag2,hts_pencake.json,12,583,40,1.0,200,5,aisi1010.json,5,1.0,1.0,1.0,3021797.9214725103,0.02,0.02,0.05,2.9488000000000003,0.0,0.0,5.149400000000001,0.44420000000000004,1.0022,2.228192,0.44420000000000004,0.7865,2.101332,0.24760000000000001,0.3976,1.3346,0.24760000000000001,0.3976,1.635
Mag3,copper_water_cooled.json,10,-1,9,0.5,0,5,aisi1010.json,5,0.5,0.5,0.5,5442.793300057787,0.02,0.02,0.05,11.0836,0.0011,0.0011,5.9,0.0511,0.11270000000000001,0.1632,0.1614,0.18039999999999998,0.33749399999999996,0.053200000000000004,0.053200000000000004,0.1058,0.05,0.05,0.5507000000000001
Mag3,copper_water_cooled.json,10,-1,9,0.5,0,5,aisi1010.json,5,0.5,0.5,0.5,30760.76723666674,0.02,0.02,0.05,17.0836,0.0,0.0,3.9224,0.43810000000000004,0.5771000000000001,0.9670090000000001,0.0643,0.0833,0.145671,1.3547,1.3547,1.6713,0.05,0.05,0.1723
Mag3,copper_water_cooled.json,10,-1,9,0.5,0,5,aisi1010.json,5,0.5,0.5,0.5,21457.542179368127,0.02,0.02,0.05,21.106,0.1195,0.1195,4.146800000000001,0.3459,0.3649,0.582244,0.7808999999999999,1.4284,1.8649239999999998,1.1303,1.1303,1.2879,0.9113,0.9113,1.6069
