yoke_type,coil_type,material,resol_x(m),resol_y(m),resol_z(m),bias,mu_r,N1,N2,NI(A),delta_x(mm),delta_y(mm),B_goal(T),Z_pos(m),Xmgap1(m),Xmgap2(m),Z_len(m),Xcore1(m),Xvoid1(m),Xyoke1(m),Xcore2(m),Xvoid2(m),Xyoke2(m),Ycore1(m),Yvoid1(m),Yyoke1(m),Ycore2(m),Yvoid2(m),Yyoke2(m)
Mag1,Racetrack,bhiron_1,0.02,0.02,0.05,1.5,1,3,10,50,1,1,-1.6,0.0,0.0,0.0,4.5200000000000005,0.5,0.52,1.02,0.5,0.52,1.02,1.19,1.19,1.69,1.19,1.19,1.69
Mag1,Racetrack,bhiron_1,0.02,0.02,0.05,1.5,1,3,10,50,1,1,-1.7,4.62,0.0003,0.0003,3.2287999999999997,0.7176,1.1679000000000002,2.2797150000000004,0.7234,0.7839,1.904705,0.3018,0.3018,1.413615,0.5506,0.5506,1.671405
Mag1,Racetrack,bhiron_1,0.02,0.02,0.05,1.5,1,3,10,50,1,1,-1.7,7.9488,0.0,0.0,5.0252,0.7223999999999999,1.0952,2.099336,0.3285,0.7042999999999999,1.160915,0.6403,0.6403,1.6444359999999998,0.9861,0.9861,1.442715
Mag1,Racetrack,bhiron_1,0.02,0.02,0.05,1.5,1,3,10,50,1,1,-1.7,13.174,0.0152,0.0152,5.7384,0.06520000000000001,0.5555,0.636,0.3837,0.7857999999999999,1.3790850000000001,0.23629999999999998,0.23629999999999998,0.31679999999999997,0.6253,0.6253,1.218585
Mag3,Racetrack,bhiron_1,0.02,0.02,0.05,1.5,1,3,10,50,1,1,1.7,19.0124,0.0040999999999999995,0.0040999999999999995,3.8842,0.0588,0.4416,0.510522,0.44029999999999997,0.4603,1.009912,0.4755,0.4755,0.544422,1.6437,1.6437,2.1933119999999997
Mag3,Racetrack,bhiron_1,0.02,0.02,0.05,1.5,1,3,10,50,1,1,1.7,22.9966,0.0,0.0,4.1974,0.2145,0.2779,0.606085,0.4878,0.9633,1.709634,0.588,0.588,0.916185,1.1313,1.1313,1.877634
Mag3,Racetrack,bhiron_1,0.02,0.02,0.05,1.5,1,3,10,50,1,1,1.7,27.294,0.0,0.0,2.1691999999999996,0.7604000000000001,0.9890000000000001,1.7037760000000002,0.2797,0.47919999999999996,0.7421179999999999,0.9107,0.9107,1.625476,0.2942,0.2942,0.557118
