yoke_type,coil_material,max_turns,J_tar(A/mm2),coil_diam(mm),insulation(mm),winding_radius(mm),yoke_spacer(mm),material,field_density,delta_x(m),delta_y(m),delta_z(m),resol_x(m),resol_y(m),resol_z(m),Z_pos(m),Xmgap1(m),Xmgap2(m),Z_len(m),Xcore1(m),Xvoid1(m),Xyoke1(m),Xcore2(m),Xvoid2(m),Xyoke2(m),Ycore1(m),Yvoid1(m),Yyoke1(m),Ycore2(m),Yvoid2(m),Yyoke2(m),NI(A)
Mag1,copper_water_cooled.json,10,-1,9,0.5,0,5,aisi1010.json,5,0.5,0.5,0.5,0.02,0.02,0.05,0.0,0.0,0.0,2.41,0.5,0.52,1.02,0.5,0.52,1.02,1.19,1.19,1.69,1.19,1.19,1.69,59120.1396413075
Mag1,copper_water_cooled.json,10,-1,9,0.5,0,5,aisi1010.json,5,0.5,0.5,0.5,0.02,0.02,0.05,2.51,0.0,0.0,4.2896,1.415,1.435,2.8358498,0.78940004,0.81170005,1.6011001,0.0766,0.0766,1.4774,0.050100002,0.050100002,0.8417001,55066.883339187756
Mag1,copper_water_cooled.json,10,-1,9,0.5,0,5,aisi1010.json,5,0.5,0.5,0.5,0.02,0.02,0.05,6.8995996,0.0,0.0,6.0796003,0.5985,0.6185,1.211015,0.2776,0.2976,0.572424,0.05,0.05,0.6425,0.7633,0.7633,1.0381,35388.72381989248
Mag1,copper_water_cooled.json,10,-1,9,0.5,0,5,aisi1010.json,5,0.5,0.5,0.5,0.02,0.02,0.05,13.079201,0.0,0.0,4.4914002,0.05,0.5122,0.5617,0.0574,0.0774,0.134226,0.67190003,0.67190003,0.7214,1.1338,1.1338,1.1906,39740.88197903273
Mag3,copper_water_cooled.json,10,-1,9,0.5,0,5,aisi1010.json,5,0.5,0.5,0.5,0.02,0.02,0.05,17.6706,0.0,0.0,3.1076002,0.0704,0.090399995,0.11363199,0.24149999,0.3043,0.63998497,1.2953999,1.2953999,1.3188999,0.05,0.05,0.3867,97196.64911051879
Mag3,copper_water_cooled.json,10,-1,9,0.5,0,5,aisi1010.json,5,0.5,0.5,0.5,0.02,0.02,0.05,20.878202,0.1109,0.1109,2.0,0.1609,0.202,0.252,0.5808,0.60080004,0.957924,1.1076,1.1076,1.1577,0.7946,0.7946,1.1501,27090.26769930828
Mag3,copper_water_cooled.json,10,-1,9,0.5,0,5,aisi1010.json,5,0.5,0.5,0.5,0.02,0.02,0.05,22.978203,0.0,0.0,6.1444,0.061,0.081,0.12674999,1.3655,1.572,3.306185,0.8157,0.8157,0.8614,0.48740003,0.48740003,2.2222,317356.8329557067
