yoke_type,coil_material,max_turns,J_tar(A/mm2),coil_diam(mm),insulation(mm),winding_radius(mm),yoke_spacer(mm),material,field_density,delta_x(m),delta_y(m),delta_z(m),resol_x(m),resol_y(m),resol_z(m),Z_pos(m),Xmgap1(m),Xmgap2(m),Z_len(m),Xcore1(m),Xvoid1(m),Xyoke1(m),Xcore2(m),Xvoid2(m),Xyoke2(m),Ycore1(m),Yvoid1(m),Yyoke1(m),Ycore2(m),Yvoid2(m),Yyoke2(m),NI(A)
Mag1,copper_water_cooled.json,10,-1,9,0.5,0,5,aisi1010.json,5,0.5,0.5,0.5,0.02,0.02,0.05,0.0,0.0,0.0,2.31,0.5,0.52,1.02,0.5,0.52,1.02,1.19,1.19,1.69,1.19,1.19,1.69,59120.146730083456
Mag1,copper_water_cooled.json,10,-1,9,0.5,0,5,aisi1010.json,5,0.5,0.5,0.5,0.02,0.02,0.05,2.41,0.0,0.0,4.5076,0.5225,0.5428999999999999,1.070625,0.7836,1.1872,2.00998,0.0654,0.0654,0.5942000000000001,0.09369999999999999,0.09369999999999999,0.9157000000000001,29610.679795628646
Mag1,copper_water_cooled.json,10,-1,9,0.5,0,5,aisi1010.json,5,0.5,0.5,0.5,0.02,0.02,0.05,7.0176,0.0,0.0,5.4886,0.5246999999999999,0.5466,1.087041,0.11699999999999999,0.1371,0.2541,0.41590000000000005,0.41590000000000005,0.9574,0.7905,0.7905,0.9075,28587.89237770257
Mag1,copper_water_cooled.json,10,-1,9,0.5,0,5,aisi1010.json,5,0.5,0.5,0.5,0.02,0.02,0.05,12.6062,0.0011,0.0011,5.697,0.33159999999999995,1.2352,1.5657,0.2421,0.2621,0.5031,0.5513,0.5513,0.8817999999999999,0.3061,0.3061,0.5471,39789.216099653815
Mag3,copper_water_cooled.json,10,-1,9,0.5,0,5,aisi1010.json,5,0.5,0.5,0.5,0.02,0.02,0.05,18.4532,0.0,0.0,2.2916,0.0562,0.0762,0.13240000000000002,0.6038,0.6324,1.079212,0.31370000000000003,0.31370000000000003,0.36960000000000004,0.05,0.05,0.4982,14267.882474267852
Mag3,copper_water_cooled.json,10,-1,9,0.5,0,5,aisi1010.json,5,0.5,0.5,0.5,0.02,0.02,0.05,20.8448,0.0,0.0,3.3106,0.9085,1.0094,1.80888,0.07440000000000001,0.09440000000000001,0.1688,1.3744999999999998,1.3744999999999998,2.1761,0.6668999999999999,0.6668999999999999,0.7409999999999999,40703.099256420166
Mag3,copper_water_cooled.json,10,-1,9,0.5,0,5,aisi1010.json,5,0.5,0.5,0.5,0.02,0.02,0.05,24.2554,0.001,0.001,4.8856,0.09910000000000001,0.11910000000000001,0.2172,0.47700000000000004,0.49750000000000005,0.9211400000000001,0.1959,0.1959,0.294,1.6419,1.6419,2.0635,31748.03577103492
