yoke_type,coil_material,max_turns,J_tar(A/mm2),coil_diam(mm),insulation(mm),winding_radius(mm),yoke_spacer(mm),material,field_density,delta_x(m),delta_y(m),delta_z(m),resol_x(m),resol_y(m),resol_z(m),Z_pos(m),Xmgap1(m),Xmgap2(m),Z_len(m),Xcore1(m),Xvoid1(m),Xyoke1(m),Xcore2(m),Xvoid2(m),Xyoke2(m),Ycore1(m),Yvoid1(m),Yyoke1(m),Ycore2(m),Yvoid2(m),Yyoke2(m),NI(A)
Mag1,copper_water_cooled.json,10,-1,9,0.5,0,5,aisi1010.json,5,0.5,0.5,0.5,0.02,0.02,0.05,0.0,0.0,0.0,2.31,0.5,0.52,1.02,0.5,0.52,1.02,1.19,1.19,1.69,1.19,1.19,1.69,59120.146730083456
Mag1,copper_water_cooled.json,10,-1,9,0.5,0,5,aisi1010.json,5,0.5,0.5,0.5,0.02,0.02,0.05,2.41,0.0,0.0,4.319800000000001,0.2434,0.2642,0.505166,1.3421,1.8945,3.223179,0.04019999999999999,0.04019999999999999,0.2812,0.0414,0.0414,1.3700000000000003,50269.8764112794
Mag1,copper_water_cooled.json,10,-1,9,0.5,0,5,aisi1010.json,5,0.5,0.5,0.5,0.02,0.02,0.05,6.8298000000000005,0.0,0.0,5.149400000000001,0.5875,0.6075,1.242,0.059800000000000006,0.07980000000000001,0.13900200000000001,0.0542,0.0542,0.6887000000000001,0.9945,0.9945,1.0537,21637.883827925507
Mag1,copper_water_cooled.json,10,-1,9,0.5,0,5,aisi1010.json,5,0.5,0.5,0.5,0.02,0.02,0.05,12.1792,0.0,0.0,4.8196,0.2469,0.7831,1.170733,0.1457,0.1676,0.311843,0.9124,0.9124,1.3011,0.17190000000000003,0.17190000000000003,0.31610000000000005,11814.024131326409
Mag3,copper_water_cooled.json,10,-1,9,0.5,0,5,aisi1010.json,5,0.5,0.5,0.5,0.02,0.02,0.05,17.0988,0.0026,0.0026,3.4132,0.10060000000000001,0.12060000000000001,0.21958,0.2997,0.3512,0.443301,0.6785,0.6785,0.7775,0.125,0.125,0.2158,12890.197624282027
Mag3,copper_water_cooled.json,10,-1,9,0.5,0,5,aisi1010.json,5,0.5,0.5,0.5,0.02,0.02,0.05,20.612000000000002,0.3,0.3,2.3175999999999997,0.8135000000000001,0.8860000000000001,1.404635,0.3609,0.3829,0.423703,0.9440000000000001,0.9440000000000001,1.4627,0.05,0.05,0.0908,26891.560903696656
Mag3,copper_water_cooled.json,10,-1,9,0.5,0,5,aisi1010.json,5,0.5,0.5,0.5,0.02,0.02,0.05,23.029600000000002,0.0002,0.0002,5.9,0.30019999999999997,0.3202,0.6202,0.4191,0.44039999999999996,0.863489,0.7101000000000001,0.7101000000000001,1.0114,1.2181,1.2181,1.6412,46984.712565705006
