yoke_type,coil_material,max_turns,J_tar(A/mm2),coil_diam(mm),insulation(mm),winding_radius(mm),yoke_spacer(mm),material,field_density,delta_x(m),delta_y(m),delta_z(m),NI(A),resol_x(m),resol_y(m),resol_z(m),Z_pos(m),Xmgap1(m),Xmgap2(m),Z_len(m),Xcore1(m),Xvoid1(m),Xyoke1(m),Xcore2(m),Xvoid2(m),Xyoke2(m),Ycore1(m),Yvoid1(m),Yyoke1(m),Ycore2(m),Yvoid2(m),Yyoke2(m)
Mag1,copper_water_cooled.json,10,-1,9,0.5,0,5,aisi1010.json,5,0.5,0.5,0.5,59120.14788072363,0.02,0.02,0.05,0.0,0.0,0.0,2.3100002,0.5,0.52,1.02,0.5,0.52,1.02,1.19,1.19,1.69,1.19,1.19,1.69
Mag1,copper_water_cooled.json,10,-1,9,0.5,0,5,aisi1010.json,5,0.5,0.5,0.5,39819.14266837021,0.02,0.02,0.05,2.4100000858306885,0.0,0.0,4.4089203,0.46737763,0.48737764,0.9548789,0.6106821,0.8623309,1.4730129,0.04708922,0.04708922,0.5145905,0.70682395,0.70682395,1.3175061
Mag1,copper_water_cooled.json,10,-1,9,0.5,0,5,aisi1010.json,5,0.5,0.5,0.5,30381.852870742856,0.02,0.02,0.05,6.918920516967773,0.0,0.0,5.31458,0.28467697,0.30467698,0.5896993,0.05,0.07,0.120000005,0.3965473,0.3965473,0.68156964,1.0892272,1.0892272,1.1392272
Mag1,copper_water_cooled.json,10,-1,9,0.5,0,5,aisi1010.json,5,0.5,0.5,0.5,25816.275161488997,0.02,0.02,0.05,12.433500289916992,0.0,0.0,5.7231402,0.10306668,0.9908719,1.0939386,0.05,0.07,0.120000005,0.45392293,0.45392293,0.5569896,0.12043658,0.12043658,0.17043658
Mag3,copper_water_cooled.json,10,-1,9,0.5,0,5,aisi1010.json,5,0.5,0.5,0.5,17032.20656703196,0.02,0.02,0.05,18.256641387939453,0.0,0.0,3.6362107,0.05,0.07,0.120000005,0.31406063,0.33406064,0.64812124,0.49324155,0.49324155,0.54324156,0.05,0.05,0.36406064
Mag3,copper_water_cooled.json,10,-1,9,0.5,0,5,aisi1010.json,5,0.5,0.5,0.5,27956.43272074915,0.02,0.02,0.05,21.99285125732422,0.0,0.0,3.0158143,0.30337563,0.45162603,0.7078922,0.16201903,0.18201903,0.34403807,0.6960473,0.6960473,0.9523134,0.8923468,0.8923468,1.0543659
Mag3,copper_water_cooled.json,10,-1,9,0.5,0,5,aisi1010.json,5,0.5,0.5,0.5,42643.1302019524,0.02,0.02,0.05,25.108665466308594,0.0,0.0,3.5423973,0.3368935,0.3568935,0.693787,0.82412744,1.633987,2.2142553,0.38165274,0.38165274,0.7185463,0.90858346,0.90858346,1.4888518
