yoke_type,coil_material,max_turns,J_tar(A/mm2),coil_diam(mm),insulation(mm),yoke_spacer(mm),material,field_density,delta_x(m),delta_y(m),delta_z(m),NI(A),resol_x(m),resol_y(m),resol_z(m),Z_pos(m),Xmgap1(m),Xmgap2(m),Z_len(m),Xcore1(m),Xvoid1(m),Xyoke1(m),Xcore2(m),Xvoid2(m),Xyoke2(m),Ycore1(m),Yvoid1(m),Yyoke1(m),Ycore2(m),Yvoid2(m),Yyoke2(m)
Mag1,copper_water_cooled.json,10,-1,9,0.5,5,aisi1010.json,5,0.5,0.5,0.5,59120.14788072363,0.02,0.02,0.05,0.0,0.0,0.0,2.3100002,0.5,0.52,1.02,0.5,0.52,1.02,1.19,1.19,1.69,1.19,1.19,1.69
Mag1,copper_water_cooled.json,10,-1,9,0.5,5,aisi1010.json,5,0.5,0.5,0.5,26537.38379940539,0.02,0.02,0.05,2.4100000858306885,0.0,0.0,2.45,0.30673283,0.3909138,0.6976466,0.30108905,0.46054155,0.7616306,0.04,0.04,0.34673283,0.5642121,0.5642121,0.86530113
Mag1,copper_water_cooled.json,10,-1,9,0.5,5,aisi1010.json,5,0.5,0.5,0.5,58416.67417916646,0.02,0.02,0.05,4.960000038146973,0.0,0.0,4.9,0.33472946,0.9648037,1.2995331,0.3582691,0.76114786,1.119417,0.57301503,0.57301503,0.9077445,1.2278901,1.2278901,1.5861592
Mag1,copper_water_cooled.json,10,-1,9,0.5,5,aisi1010.json,5,0.5,0.5,0.5,25976.56850829101,0.02,0.02,0.05,10.0600004196167,0.12853077,0.12853077,7.35,0.17853077,0.70254695,0.7525469,0.46590176,0.71236145,1.0497324,0.3208614,0.3208614,0.3708614,0.05,0.05,0.387371
Mag3,copper_water_cooled.json,10,-1,9,0.5,5,aisi1010.json,5,0.5,0.5,0.5,18318.427925074902,0.02,0.02,0.05,17.510000228881836,0.0,0.0,3.5383654,0.09752713,0.3993516,0.49687874,0.3758308,0.3958308,0.77166164,0.05,0.05,0.14752713,0.13275252,0.13275252,0.5085833
Mag3,copper_water_cooled.json,10,-1,9,0.5,5,aisi1010.json,5,0.5,0.5,0.5,60719.22073180153,0.02,0.02,0.05,21.148365020751953,0.0,0.0,3.541644,0.2574578,0.3201778,0.57753325,0.5303894,0.5503894,1.0807788,1.3832151,1.3832151,1.6405705,1.3806998,1.3806998,1.9110892
Mag3,copper_water_cooled.json,10,-1,9,0.5,5,aisi1010.json,5,0.5,0.5,0.5,69412.33230749893,0.02,0.02,0.05,24.790008544921875,0.0,0.0,3.7585511,0.6338938,0.65389377,1.2857436,0.8460838,0.8660838,1.7121676,1.5960605,1.5960605,2.2279103,0.77202123,0.77202123,1.618105
