yoke_type,coil_material,max_turns,J_tar(A/mm2),coil_diam(mm),insulation(mm),winding_radius(mm),yoke_spacer(mm),material,field_density,delta_x(m),delta_y(m),delta_z(m),resol_x(m),resol_y(m),resol_z(m),Z_pos(m),Xmgap1(m),Xmgap2(m),Z_len(m),Xcore1(m),Xvoid1(m),Xyoke1(m),Xcore2(m),Xvoid2(m),Xyoke2(m),Ycore1(m),Yvoid1(m),Yyoke1(m),Ycore2(m),Yvoid2(m),Yyoke2(m),NI(A)
Mag1,copper_water_cooled.json,10,-1,9,0.5,0,5,aisi1010.json,5,0.5,0.5,0.5,0.02,0.02,0.05,0.0,0.0,0.0,2.31,0.5,0.52,1.02,0.5,0.52,1.02,1.19,1.19,1.69,1.19,1.19,1.69,59120.146730083456
Mag1,copper_water_cooled.json,10,-1,9,0.5,0,5,aisi1010.json,5,0.5,0.5,0.5,0.02,0.02,0.05,2.41,0.0,0.0,9.610000000000001,0.3,0.36,1.6469999999999998,0.31,0.37,1.6999,0.27,0.27,0.6100000000000001,0.43,0.43,0.77,17801.034523802446
Mag1,copper_water_cooled.json,10,-1,9,0.5,0,5,aisi1010.json,5,0.5,0.5,0.5,0.02,0.02,0.05,12.120000000000001,0.0,0.0,4.800000000000001,0.31,0.37,1.6999,0.35,0.41,1.7365,0.43,0.43,0.87,0.56,0.56,1.0,12753.077217713102
Mag1,copper_water_cooled.json,10,-1,9,0.5,0,5,aisi1010.json,5,0.5,0.5,0.5,0.02,0.02,0.05,17.120000000000005,0.0,0.0,5.0,0.03,0.09,1.734,0.18600000000000003,0.24600000000000002,1.7712,0.56,0.56,1.0,0.56,0.56,1.0,-4669.2376119339
Mag1,copper_water_cooled.json,10,-1,9,0.5,0,5,aisi1010.json,5,0.5,0.5,0.5,0.02,0.02,0.05,22.220000000000006,0.3,0.3,3.84,0.486,0.546,2.0712,0.618,0.6779999999999999,2.0994599999999997,0.56,0.56,1.0,0.56,0.56,1.0,-5238.988198760418
Mag1,copper_water_cooled.json,10,-1,9,0.5,0,5,aisi1010.json,5,0.5,0.5,0.5,0.02,0.02,0.05,26.160000000000007,0.0,0.0,3.84,0.318,0.378,1.7994599999999998,0.45,0.51,1.8015,0.56,0.56,1.0,0.56,0.56,1.0,-6936.861140500719
