yoke_type,coil_material,max_turns,J_tar(A/mm2),coil_diam(mm),insulation(mm),winding_radius(mm),yoke_spacer(mm),material,field_density,delta_x(m),delta_y(m),delta_z(m),resol_x(m),resol_y(m),resol_z(m),Z_pos(m),Xmgap1(m),Xmgap2(m),Z_len(m),Xcore1(m),Xvoid1(m),Xyoke1(m),Xcore2(m),Xvoid2(m),Xyoke2(m),Ycore1(m),Yvoid1(m),Yyoke1(m),Ycore2(m),Yvoid2(m),Yyoke2(m),NI(A)
Mag1,copper_water_cooled.json,10,-1,9,0.5,0,5,aisi1010.json,5,0.5,0.5,0.5,0.02,0.02,0.05,0.0,0.0,0.0,2.31,0.5,0.52,1.02,0.5,0.52,1.02,1.19,1.19,1.69,1.19,1.19,1.69,1.9
Mag1,copper_water_cooled.json,10,-1,9,0.5,0,5,aisi1010.json,5,0.5,0.5,0.5,0.02,0.02,0.05,2.41,0.0,0.0,5.172200000000001,0.6701999999999999,0.6901999999999999,1.3872079999999998,0.7543000000000001,1.5845,2.331257,0.04,0.04,0.7389,0.0436,0.0436,0.7904,1.9
Mag1,copper_water_cooled.json,10,-1,9,0.5,0,5,aisi1010.json,5,0.5,0.5,0.5,0.02,0.02,0.05,7.682200000000001,0.0,0.0,5.434400000000001,0.767,0.9355,1.87124,0.1316,0.1545,0.284784,0.41979999999999995,0.41979999999999995,1.3535,0.06480000000000001,0.06480000000000001,0.1951,1.9
Mag1,copper_water_cooled.json,10,-1,9,0.5,0,5,aisi1010.json,5,0.5,0.5,0.5,0.02,0.02,0.05,13.316600000000001,0.0005,0.0005,4.651800000000001,0.4437,1.1868999999999998,1.625668,0.42750000000000005,0.44750000000000006,0.8702300000000001,0.5678,0.5678,1.0065,0.6064,0.6064,1.0292000000000001,1.9
Mag3,copper_water_cooled.json,10,-1,9,0.5,0,5,aisi1010.json,5,0.5,0.5,0.5,0.02,0.02,0.05,18.0684,0.0004,0.0004,2.0153999999999996,0.0578,0.0778,0.135774,1.3517,1.3759,2.740713,0.1391,0.1391,0.197,0.0687,0.0687,1.4334999999999998,1.9
Mag3,copper_water_cooled.json,10,-1,9,0.5,0,5,aisi1010.json,5,0.5,0.5,0.5,0.02,0.02,0.05,20.1838,0.3,0.3,3.9724,0.8124,0.8324,1.349924,0.35,0.37,0.4205,0.05,0.05,0.5675,1.051,1.051,1.1015,1.9
Mag3,copper_water_cooled.json,10,-1,9,0.5,0,5,aisi1010.json,5,0.5,0.5,0.5,0.02,0.02,0.05,24.2562,0.0003,0.0003,4.776400000000001,0.3003,0.32030000000000003,0.6203,0.40030000000000004,0.42030000000000006,0.7523,0.4465,0.4465,0.7453000000000001,1.8363,1.8363,2.1667,1.9
