yoke_type,coil_type,material,resol_x(m),resol_y(m),resol_z(m),disc_x,disc_z,bias,mu_r,J(A/mm2),N1,N2,NI(A),delta_x(mm),delta_y(mm),B_goal(T),Z_pos(m),Xmgap1(m),Xmgap2(m),Z_len(m),Xcore1(m),Xvoid1(m),Xyoke1(m),Xcore2(m),Xvoid2(m),Xyoke2(m),Ycore1(m),Yvoid1(m),Yyoke1(m),Ycore2(m),Yvoid2(m),Yyoke2(m)
Mag1,Racetrack,bhiron_1,0.05,0.05,0.05,10,10,1.5,1,50,3,10,50.0,1,1,1.6,0.0,0.0,0.0,4.5200000000000005,0.5,0.52,1.02,0.5,0.52,1.02,1.3,1.3,1.8,1.3,1.3,1.8
Mag2,Racetrack,bhiron_1,0.05,0.05,0.05,10,10,1.5,1,50,3,10,1600000.0,1,1,5.1,4.62,0.0,0.0,6.9616,0.4569,0.727,2.0976999999999997,0.4569,0.6193,1.9899999999999998,0.2218,0.2718,1.6424999999999998,0.2218,0.2718,1.6424999999999998
Mag3,Racetrack,bhiron_1,0.05,0.05,0.05,10,10,1.5,1,50,3,10,50.0,1,1,1.7,12.481599999999998,0.0,0.0,3.5966,0.248,0.406,0.654,0.4876,0.6554,1.143,0.08,0.08,0.328,1.0473000000000001,1.0473000000000001,1.5349000000000002
Mag3,Racetrack,bhiron_1,0.05,0.05,0.05,10,10,1.5,1,50,3,10,50.0,1,1,1.7,16.178199999999997,0.0,0.0,2.9038,0.03,0.05,0.08,1.0,1.048,2.048,1.92,1.92,1.95,1.92,1.92,2.92
Mag3,Racetrack,bhiron_1,0.05,0.05,0.05,10,10,1.5,1,50,3,10,50.0,1,1,1.7,19.181999999999995,0.0,0.0,3.6362,0.03,0.49829999999999997,0.5283,1.0,1.02,2.02,0.08,0.08,0.11,1.7272999999999998,1.7272999999999998,2.7272999999999996
