yoke_type,coil_material,max_turns,J_tar(A/mm2),coil_diam(mm),insulation(mm),winding_radius(mm),yoke_spacer(mm),material,field_density,delta_x(m),delta_y(m),delta_z(m),NI(A),resol_x(m),resol_y(m),resol_z(m),Z_pos(m),Xmgap1(m),Xmgap2(m),Z_len(m),Xcore1(m),Xvoid1(m),Xyoke1(m),Xcore2(m),Xvoid2(m),Xyoke2(m),Ycore1(m),Yvoid1(m),Yyoke1(m),Ycore2(m),Yvoid2(m),Yyoke2(m)
Mag1,copper_water_cooled.json,10,-1,9,0.5,0,5,aisi1010.json,5,0.5,0.5,0.5,59120.14788072363,0.02,0.02,0.05,0.0,0.0,0.0,2.3100002,0.5,0.52,1.02,0.5,0.52,1.02,1.19,1.19,1.69,1.19,1.19,1.69
Mag1,copper_water_cooled.json,10,-1,9,0.5,0,5,aisi1010.json,5,0.5,0.5,0.5,33884.94144636101,0.02,0.02,0.05,2.4100000858306885,0.0,0.0,4.4089203,0.3083921,0.32839212,0.6367842,0.5691134,0.7482313,1.3173447,0.116807126,0.116807126,0.42519924,0.61457914,0.61457914,1.1836925
Mag1,copper_water_cooled.json,10,-1,9,0.5,0,5,aisi1010.json,5,0.5,0.5,0.5,19481.611644958648,0.02,0.02,0.05,6.918920516967773,0.0,0.0,5.31458,0.3892503,0.40925032,0.7985165,0.05,0.07,0.120000005,0.1543149,0.1543149,0.5435811,0.4388909,0.4388909,0.48889092
Mag1,copper_water_cooled.json,10,-1,9,0.5,0,5,aisi1010.json,5,0.5,0.5,0.5,38061.53404787337,0.02,0.02,0.05,12.433500289916992,0.0,0.0,5.7231402,0.05,1.2391603,1.2891603,0.32137507,0.34137508,0.6627501,0.4593594,0.4593594,0.5093594,0.29811198,0.29811198,0.61948705
Mag3,copper_water_cooled.json,10,-1,9,0.5,0,5,aisi1010.json,5,0.5,0.5,0.5,15001.786014345547,0.02,0.02,0.05,18.256641387939453,0.0,0.0,4.020143,0.05,0.07,0.120000005,0.42911747,0.44911748,0.8372702,0.41843206,0.41843206,0.46843207,0.05,0.05,0.43815273
Mag3,copper_water_cooled.json,10,-1,9,0.5,0,5,aisi1010.json,5,0.5,0.5,0.5,16613.06081907137,0.02,0.02,0.05,22.376785278320312,0.0,0.0,2.479696,0.07334523,0.2163515,0.26450956,0.050974295,0.07097429,0.116082534,1.14683,1.14683,1.194988,0.35939002,0.35939002,0.40449828
Mag3,copper_water_cooled.json,10,-1,9,0.5,0,5,aisi1010.json,5,0.5,0.5,0.5,31134.151041735568,0.02,0.02,0.05,24.95648193359375,0.0,0.0,2.837279,0.087437004,0.107437,0.194874,0.35322192,0.96755946,1.1735204,0.6745982,0.6745982,0.76203525,1.2098566,1.2098566,1.4158176
