yoke_type,coil_material,max_turns,J_tar(A/mm2),coil_diam(mm),insulation(mm),winding_radius(mm),yoke_spacer(mm),material,field_density,delta_x(m),delta_y(m),delta_z(m),NI(A),resol_x(m),resol_y(m),resol_z(m),Z_pos(m),Xmgap1(m),Xmgap2(m),Z_len(m),Xcore1(m),Xvoid1(m),Xyoke1(m),Xcore2(m),Xvoid2(m),Xyoke2(m),Ycore1(m),Yvoid1(m),Yyoke1(m),Ycore2(m),Yvoid2(m),Yyoke2(m)
Mag1,copper_water_cooled.json,10,-1,9,0.5,0,5,aisi1010.json,5,0.5,0.5,0.5,59120.13964130748,0.02,0.02,0.05,0.0,0.0,0.0,2.3100002,0.5,0.52,1.02,0.5,0.52,1.02,1.19,1.19,1.69,1.19,1.19,1.69
Mag1,copper_water_cooled.json,10,-1,9,0.5,0,5,aisi1010.json,5,0.5,0.5,0.5,33808.347708022426,0.02,0.02,0.05,2.4100000858306885,0.0,0.0,9.61,0.3,0.36,1.6470001,0.31,0.37,1.7,0.27,0.27,0.57000005,0.43,0.43,0.74
Mag1,copper_water_cooled.json,10,-1,9,0.5,0,5,aisi1010.json,5,0.5,0.5,0.5,36882.25668146735,0.02,0.02,0.05,12.119999885559082,0.0,0.0,4.8,0.31,0.37,1.7,0.35,0.41,1.735,0.43,0.43,0.74,0.56,0.56,0.90999997
Mag3,copper_water_cooled.json,10,-1,9,0.5,0,5,aisi1010.json,5,0.5,0.5,0.5,13543.396347935164,0.02,0.02,0.05,17.1200008392334,0.0,0.0,5.0,0.03,0.089999996,1.734,0.186,0.246,1.7710001,0.56,0.56,0.59,0.56,0.56,0.746
Mag3,copper_water_cooled.json,10,-1,9,0.5,0,5,aisi1010.json,5,0.5,0.5,0.5,14179.726590327831,0.02,0.02,0.05,22.220001220703125,0.0,0.0,3.8400002,0.186,0.246,1.7720001,0.318,0.378,1.8000001,0.56,0.56,0.746,0.56,0.56,0.878
Mag3,copper_water_cooled.json,10,-1,9,0.5,0,5,aisi1010.json,5,0.5,0.5,0.5,14690.317706150543,0.02,0.02,0.05,26.160001754760742,0.0,0.0,3.8400002,0.318,0.378,1.8000001,0.45,0.51,1.8,0.56,0.56,0.878,0.56,0.56,1.01
