yoke_type,coil_material,max_turns,J_tar(A/mm2),coil_diam(mm),insulation(mm),winding_radius(mm),yoke_spacer(mm),material,field_density,delta_x(m),delta_y(m),delta_z(m),NI(A),resol_x(m),resol_y(m),resol_z(m),Z_pos(m),Xmgap1(m),Xmgap2(m),Z_len(m),Xcore1(m),Xvoid1(m),Xyoke1(m),Xcore2(m),Xvoid2(m),Xyoke2(m),Ycore1(m),Yvoid1(m),Yyoke1(m),Ycore2(m),Yvoid2(m),Yyoke2(m)
Mag1,copper_water_cooled.json,10,-1,9,0.5,0,5,aisi1010.json,5,0.5,0.5,0.5,59120.14788072363,0.02,0.02,0.05,0.0,0.0,0.0,2.3100002,0.5,0.52,1.02,0.5,0.52,1.02,1.19,1.19,1.69,1.19,1.19,1.69
Mag2,hts_pencake.json,12,583,40,1.0,200,5,aisi1010.json,5,1.0,1.0,1.0,3200000.0,0.02,0.02,0.05,3.088287115097046,0.0,0.0,5.943649,0.45,1.078732,2.075732,0.45,0.6669152,1.804441,0.25,0.4,1.5723677,0.25,0.4,1.2038112
Mag3,copper_water_cooled.json,10,-1,9,0.5,0,5,aisi1010.json,5,0.5,0.5,0.5,10594.193325754619,0.02,0.02,0.05,15.052572250366211,0.92016876,0.92016876,3.7947326,0.97872245,1.507285,1.5658387,1.1859506,2.6419585,2.895502,0.32893956,0.32893956,0.38153955,0.13736841,0.13736841,0.63806844
Mag3,copper_water_cooled.json,10,-1,9,0.5,0,5,aisi1010.json,5,0.5,0.5,0.5,30553.134263776552,0.02,0.02,0.05,18.947303771972656,0.78149027,0.78149027,2.8120859,0.93305045,1.8402939,1.9817705,0.8314903,0.85149026,0.9014903,1.0481323,1.0481323,1.3647323,1.2183716,1.2183716,1.3406717
Mag3,copper_water_cooled.json,10,-1,9,0.5,0,5,aisi1010.json,5,0.5,0.5,0.5,39296.70306041118,0.02,0.02,0.05,21.859390258789062,0.0,0.0,5.580143,0.19404379,0.26644266,0.46048644,0.6287487,0.9461164,1.4990635,2.5,2.5,2.6576,0.24370474,0.24370474,0.9393047
