yoke_type,coil_type,material,resol_x(m),resol_y(m),resol_z(m),bias,mu_r,N1,N2,NI(A),delta_x(mm),delta_y(mm),B_goal(T),Z_pos(m),Xmgap1(m),Xmgap2(m),Z_len(m),Xcore1(m),Xvoid1(m),Xyoke1(m),Xcore2(m),Xvoid2(m),Xyoke2(m),Ycore1(m),Yvoid1(m),Yyoke1(m),Ycore2(m),Yvoid2(m),Yyoke2(m)
Mag1,Racetrack,bhiron_1,0.05,0.05,0.05,1.5,1,3,10,50,1,1,1.6,0.0,0.0,0.0,4.5200000000000005,0.5,0.52,1.02,0.5,0.52,1.02,1.19,1.19,1.69,1.19,1.19,1.69
Mag3,Racetrack,bhiron_1,0.05,0.05,0.05,1.5,1,3,10,50,1,1,1.7,4.62,0.0,0.0,2.8177999999999996,0.5569,0.5788,1.586789,0.39189999999999997,0.4144,1.123739,0.39049999999999996,0.39049999999999996,1.398489,0.6494,0.6494,1.358739
Mag3,Racetrack,bhiron_1,0.05,0.05,0.05,1.5,1,3,10,50,1,1,1.7,7.5378,0.0,0.0,2.7994,0.41479999999999995,0.43529999999999996,1.194384,0.2913,0.3136,0.8466790000000001,0.2676,0.2676,1.026684,1.15,1.15,1.683079
Mag3,Racetrack,bhiron_1,0.05,0.05,0.05,1.5,1,3,10,50,1,1,1.7,10.5372,0.0,0.0,4.570600000000001,0.08539999999999999,1.0854,1.244244,0.24100000000000002,0.2621,0.7103600000000001,0.20920000000000002,0.20920000000000002,0.36804400000000004,0.188,0.188,0.63626
Mag3,Racetrack,bhiron_1,0.05,0.05,0.05,1.5,1,3,10,50,1,1,-1.7,15.2078,0.0,0.0,3.6024,0.05,0.0726,0.16610000000000003,0.2488,0.2713,0.736556,0.307,0.307,0.4005,0.1507,0.1507,0.615956
Mag3,Racetrack,bhiron_1,0.05,0.05,0.05,1.5,1,3,10,50,1,1,-1.7,18.9102,0.0,0.0,5.6824,0.17420000000000002,0.19680000000000003,0.517328,0.2481,0.2683,0.724804,0.5766,0.5766,0.897128,0.9516,0.9516,1.408104
Mag3,Racetrack,bhiron_1,0.05,0.05,0.05,1.5,1,3,10,50,1,1,-1.7,24.6926,0.0,0.0,3.4654000000000003,0.2559,0.2782,0.741379,0.5976,0.6182,1.699856,0.4793,0.4793,0.9424790000000001,0.5069,0.5069,1.588556
