yoke_type,coil_material,max_turns,J_tar(A/mm2),coil_diam(mm),insulation(mm),winding_radius(mm),yoke_spacer(mm),material,field_density,delta_x(m),delta_y(m),delta_z(m),resol_x(m),resol_y(m),resol_z(m),Z_pos(m),Xmgap1(m),Xmgap2(m),Z_len(m),Xcore1(m),Xvoid1(m),Xyoke1(m),Xcore2(m),Xvoid2(m),Xyoke2(m),Ycore1(m),Yvoid1(m),Yyoke1(m),Ycore2(m),Yvoid2(m),Yyoke2(m),NI(A)
Mag1,copper_water_cooled.json,10,-1,9,0.5,0,5,aisi1010.json,5,0.5,0.5,0.5,0.02,0.02,0.05,0.0,0.0,0.0,2.3100002,0.5,0.52,1.02,0.5,0.52,1.02,1.19,1.19,1.69,1.19,1.19,1.69,59120.13964130748
Mag1,copper_water_cooled.json,10,-1,9,0.5,0,5,aisi1010.json,5,0.5,0.5,0.5,0.02,0.02,0.05,2.4100000858306885,0.0,0.0,4.5076003,0.5225,0.54289997,1.070625,0.78360003,1.1872001,2.0099802,0.0654,0.0654,0.5942,0.0937,0.0937,0.91569996,29610.678377174638
Mag1,copper_water_cooled.json,10,-1,9,0.5,0,5,aisi1010.json,5,0.5,0.5,0.5,0.02,0.02,0.05,7.017600059509277,0.0,0.0,5.4886,0.5247,0.5466,1.0870409,0.117,0.1371,0.2541,0.4159,0.4159,0.9574,0.79050004,0.79050004,0.9075,28587.893181996784
Mag1,copper_water_cooled.json,10,-1,9,0.5,0,5,aisi1010.json,5,0.5,0.5,0.5,0.02,0.02,0.05,12.706199645996094,0.0011,0.0011,5.697,0.3316,1.2351999,1.5656999,0.2421,0.2621,0.5031,0.5513,0.5513,0.8818,0.3061,0.3061,0.5471,39789.21995935534
Mag3,copper_water_cooled.json,10,-1,9,0.5,0,5,aisi1010.json,5,0.5,0.5,0.5,0.02,0.02,0.05,18.50320053100586,0.0,0.0,2.2916002,0.056199998,0.07619999,0.13239999,0.6038,0.6324,1.079212,0.31370002,0.31370002,0.36960003,0.05,0.05,0.4982,14267.874548828651
Mag3,copper_water_cooled.json,10,-1,9,0.5,0,5,aisi1010.json,5,0.5,0.5,0.5,0.02,0.02,0.05,20.894800186157227,0.0,0.0,3.3106,0.90849996,1.0094,1.80888,0.0744,0.0944,0.1688,1.3744999,1.3744999,2.1761,0.66690004,0.66690004,0.74100006,40703.06238585135
Mag3,copper_water_cooled.json,10,-1,9,0.5,0,5,aisi1010.json,5,0.5,0.5,0.5,0.02,0.02,0.05,24.305400848388672,0.001,0.001,4.8856,0.09910001,0.119100004,0.21720001,0.47699997,0.49749997,0.92113996,0.19590001,0.19590001,0.29400003,1.6419001,1.6419001,2.0635,31748.054683866205
