yoke_type,coil_type,material,resol_x(m),resol_y(m),resol_z(m),bias,mu_r,N1,N2,NI(A),delta_x(mm),delta_y(mm),B_goal(T),Z_pos(m),Xmgap1(m),Xmgap2(m),Z_len(m),Xcore1(m),Xvoid1(m),Xyoke1(m),Xcore2(m),Xvoid2(m),Xyoke2(m),Ycore1(m),Yvoid1(m),Yyoke1(m),Ycore2(m),Yvoid2(m),Yyoke2(m)
Mag1,Racetrack,bhiron_1,0.05,0.05,0.05,1.5,1,3,10,50.0,1,1,1.6,0.0,0.1,0.1,4.5200000000000005,0.6,0.62,1.12,0.6,0.62,1.12,1.3,1.3,1.8,1.3,1.3,1.8
Mag2,Racetrack,bhiron_1,0.05,0.05,0.05,1.5,1,3,10,1600000.0,1,1,5.1,4.62,0.1,0.1,6.962000000000001,0.557,0.8270000000000001,2.198,0.557,0.719,2.09,0.222,0.272,1.643,0.222,0.272,1.643
Mag3,Racetrack,bhiron_1,0.05,0.05,0.05,1.5,1,3,10,50.0,1,1,-1.7,14.184,0.1,0.1,3.596,0.348,0.506,0.754,0.348,0.516,0.764,1.047,1.047,1.295,1.047,1.047,1.295
Mag3,Racetrack,bhiron_1,0.05,0.05,0.05,1.5,1,3,10,50.0,1,1,-1.7,17.88,0.0,0.0,2.9039999999999995,0.03,0.05,0.08,1.0,1.048,2.048,1.92,1.92,1.95,1.92,1.92,2.92
Mag3,Racetrack,bhiron_1,0.05,0.05,0.05,1.5,1,3,10,50.0,1,1,-1.7,20.884,0.0,0.0,3.636,0.03,0.498,0.528,1.0,1.02,2.02,0.08,0.08,0.11,1.7269999999999999,1.7269999999999999,2.727
