yoke_type,coil_type,material,resol_x(m),resol_y(m),resol_z(m),bias,mu_r,N1,N2,NI(A),delta_x(mm),delta_y(mm),B_goal(T),Z_pos(m),Xmgap1(m),Xmgap2(m),Z_len(m),Xcore1(m),Xvoid1(m),Xyoke1(m),Xcore2(m),Xvoid2(m),Xyoke2(m),Ycore1(m),Yvoid1(m),Yyoke1(m),Ycore2(m),Yvoid2(m),Yyoke2(m)
Mag1,Racetrack,bhiron_1,0.05,0.05,0.05,1.5,1,3,10,50,1,1,1.6,0.0,0.0,0.0,4.5200000000000005,0.5,0.52,1.02,0.5,0.52,1.02,1.19,1.19,1.69,1.19,1.19,1.69
Mag3,Racetrack,bhiron_1,0.05,0.05,0.05,1.5,1,3,10,50,1,1,1.7,4.62,0.0,0.0,4.0600000000000005,0.72,0.82,1.54,0.51,0.5800000000000001,1.09,0.29,0.29,1.01,0.46,0.46,0.97
Mag3,Racetrack,bhiron_1,0.05,0.05,0.05,1.5,1,3,10,50,1,1,1.7,8.780000000000001,0.0,0.0,4.04,0.54,0.68,1.2200000000000002,0.38,0.47,0.85,0.46,0.46,1.0,1.92,1.92,2.3
Mag3,Racetrack,bhiron_1,0.05,0.05,0.05,1.5,1,3,10,50,1,1,1.7,13.020000000000001,0.0,0.0,5.5200000000000005,0.1,0.61,0.71,0.31,0.42,0.73,0.35,0.35,0.44999999999999996,0.31,0.31,0.62
Mag3,Racetrack,bhiron_1,0.05,0.05,0.05,1.5,1,3,10,50,1,1,-1.7,18.64,0.0,0.0,4.86,0.03,0.11,0.14,0.32,0.4,0.72,0.54,0.54,0.5700000000000001,0.24,0.24,0.56
Mag3,Racetrack,bhiron_1,0.05,0.05,0.05,1.5,1,3,10,50,1,1,-1.7,23.6,0.0,0.0,6.0,0.22,0.3,0.52,0.32,0.45,0.77,2.09,2.09,2.31,0.35,0.35,0.6699999999999999
Mag3,Racetrack,bhiron_1,0.05,0.05,0.05,1.5,1,3,10,50,1,1,-1.7,29.700000000000003,0.0,0.0,4.74,0.33,0.42000000000000004,0.75,0.77,1.03,1.8,0.85,0.85,1.18,2.41,2.41,3.18
