yoke_type,coil_material,max_turns,J_tar(A/mm2),coil_diam(mm),insulation(mm),winding_radius(mm),yoke_spacer(mm),material,field_density,delta_x(m),delta_y(m),delta_z(m),resol_x(m),resol_y(m),resol_z(m),Z_pos(m),Xmgap1(m),Xmgap2(m),Z_len(m),Xcore1(m),Xvoid1(m),Xyoke1(m),Xcore2(m),Xvoid2(m),Xyoke2(m),Ycore1(m),Yvoid1(m),Yyoke1(m),Ycore2(m),Yvoid2(m),Yyoke2(m),NI(A)
Mag1,copper_water_cooled.json,10,-1,9,0.5,0,5,aisi1010.json,5,0.5,0.5,0.5,0.02,0.02,0.05,0.0,0.0,0.0,2.41,0.5,0.52,1.02,0.5,0.52,1.02,1.19,1.19,1.69,1.19,1.19,1.69,59120.1396413075
Mag1,copper_water_cooled.json,10,-1,9,0.5,0,5,aisi1010.json,5,0.5,0.5,0.5,0.02,0.02,0.05,2.51,0.0,0.0,4.8026,1.4999001,1.5199001,3.0048013,0.84769994,0.87039995,1.7265768,0.0776,0.0776,1.5625,0.05,0.05,0.90970004,56432.62423984922
Mag1,copper_water_cooled.json,10,-1,9,0.5,0,5,aisi1010.json,5,0.5,0.5,0.5,0.02,0.02,0.05,7.4126,0.0,0.0,5.6466,0.5838,0.6038,1.181762,0.2765,0.2965,0.570235,0.05,0.05,0.628,0.7576,0.7576,1.0314,34877.74040858511
Mag1,copper_water_cooled.json,10,-1,9,0.5,0,5,aisi1010.json,5,0.5,0.5,0.5,0.02,0.02,0.05,13.159201,0.0,0.0,3.9682,0.05,0.55189997,0.60139996,0.0627,0.0827,0.144773,0.7175,0.7175,0.76699996,1.0957,1.0957,1.1578001,40604.96916144168
Mag3,copper_water_cooled.json,10,-1,9,0.5,0,5,aisi1010.json,5,0.5,0.5,0.5,0.02,0.02,0.05,17.227402,0.0,0.0,3.57,0.0683,0.088300005,0.11083901,0.2527,0.315,0.67383397,1.3828,1.3828,1.4056,0.05,0.05,0.40919998,146800.1791593215
Mag3,copper_water_cooled.json,10,-1,9,0.5,0,5,aisi1010.json,5,0.5,0.5,0.5,0.02,0.02,0.05,20.897402,0.104899995,0.104899995,2.0,0.1549,0.1909,0.2419,0.55679995,0.5768,0.902168,1.148,1.148,1.1992,0.813,0.813,1.1367,26619.631511729203
Mag3,copper_water_cooled.json,10,-1,9,0.5,0,5,aisi1010.json,5,0.5,0.5,0.5,0.02,0.02,0.05,22.997402,0.0,0.0,6.4686,0.061100002,0.0811,0.128147,1.3047,1.5258,3.0653458,0.9272,0.9272,0.97400004,0.4875,0.4875,2.0209,132206.47433644545
