yoke_type,coil_material,max_turns,J_tar(A/mm2),coil_diam(mm),insulation(mm),winding_radius(mm),yoke_spacer(mm),material,field_density,delta_x(m),delta_y(m),delta_z(m),resol_x(m),resol_y(m),resol_z(m),Z_pos(m),Xmgap1(m),Xmgap2(m),Z_len(m),Xcore1(m),Xvoid1(m),Xyoke1(m),Xcore2(m),Xvoid2(m),Xyoke2(m),Ycore1(m),Yvoid1(m),Yyoke1(m),Ycore2(m),Yvoid2(m),Yyoke2(m),NI(A)
Mag1,copper_water_cooled.json,10,-1,9,0.5,0,5,aisi1010.json,5,0.5,0.5,0.5,0.02,0.02,0.05,0.0,0.0,0.0,2.41,0.5,0.52,1.02,0.5,0.52,1.02,1.19,1.19,1.69,1.19,1.19,1.69,59120.1396413075
Mag1,copper_water_cooled.json,10,-1,9,0.5,0,5,aisi1010.json,5,0.5,0.5,0.5,0.02,0.02,0.05,2.51,0.0,0.0,4.1012,0.21450001,0.47570002,0.69020003,0.6486,0.66859996,1.3690879,0.162,0.162,0.377,0.0502,0.0502,0.7493,18138.732919193448
Mag1,copper_water_cooled.json,10,-1,9,0.5,0,5,aisi1010.json,5,0.5,0.5,0.5,0.02,0.02,0.05,6.7112,0.0,0.0,4.5232,0.5641,0.72470003,1.350851,0.14770001,0.3549,0.51737,0.5517,0.5517,1.1757,1.007,1.007,1.1699,27397.50401236148
Mag1,copper_water_cooled.json,10,-1,9,0.5,0,5,aisi1010.json,5,0.5,0.5,0.5,0.02,0.02,0.05,11.3344,0.0,0.0,4.5745997,0.2021,0.50699997,0.71718395,0.2981,0.49,0.81791,0.3795,0.3795,0.5899,0.05,0.05,0.3769,15799.3148341095
Mag3,copper_water_cooled.json,10,-1,9,0.5,0,5,aisi1010.json,5,0.5,0.5,0.5,0.02,0.02,0.05,16.009,0.0046,0.0046,2.7778,0.0587,0.2488,0.31642497,0.1789,0.1989,0.34356898,0.0881,0.0881,0.15560001,0.1975,0.1975,0.34210002,7627.095622487321
Mag3,copper_water_cooled.json,10,-1,9,0.5,0,5,aisi1010.json,5,0.5,0.5,0.5,0.02,0.02,0.05,18.8868,0.0647,0.0647,3.053,0.3788,0.5887,0.833698,0.114700004,0.1812,0.2477,0.73050004,0.73050004,0.97700006,0.3543,0.3543,0.42069998,12691.49993914448
Mag3,copper_water_cooled.json,10,-1,9,0.5,0,5,aisi1010.json,5,0.5,0.5,0.5,0.02,0.02,0.05,22.0398,0.1074,0.1074,4.2195997,0.1574,0.1774,0.2199,0.3308,0.35079998,0.542924,0.7443,0.7443,0.7866,0.8164,0.8164,1.008,10255.320179025022
