yoke_type,coil_material,max_turns,J_tar(A/mm2),coil_diam(mm),insulation(mm),winding_radius(mm),yoke_spacer(mm),material,field_density,delta_x(m),delta_y(m),delta_z(m),NI(A),resol_x(m),resol_y(m),resol_z(m),Z_pos(m),Xmgap1(m),Xmgap2(m),Z_len(m),Xcore1(m),Xvoid1(m),Xyoke1(m),Xcore2(m),Xvoid2(m),Xyoke2(m),Ycore1(m),Yvoid1(m),Yyoke1(m),Ycore2(m),Yvoid2(m),Yyoke2(m)
Mag1,copper_water_cooled.json,10,-1,9,0.5,0,5,aisi1010.json,5,0.5,0.5,0.5,59120.14788072363,0.02,0.02,0.05,0.0,0.0,0.0,2.3100002,0.5,0.52,1.02,0.5,0.52,1.02,1.19,1.19,1.69,1.19,1.19,1.69
Mag1,copper_water_cooled.json,10,-1,9,0.5,0,5,aisi1010.json,5,0.5,0.5,0.5,40995.6029974875,0.02,0.02,0.05,2.4100000858306885,0.00021469245,0.00021469245,4.4089203,0.32673925,0.34673926,0.67339224,0.5724305,1.19025,1.7624658,0.11184863,0.11184863,0.43850157,0.6237068,0.6237068,1.1959226
Mag1,copper_water_cooled.json,10,-1,9,0.5,0,5,aisi1010.json,5,0.5,0.5,0.5,13584.644691257148,0.02,0.02,0.05,6.918920516967773,0.00055424275,0.00055424275,5.31458,0.2840497,0.30411053,0.587606,0.050554242,0.0713751,0.12137511,0.30961472,0.30961472,0.5931102,0.05,0.05,0.1
Mag1,copper_water_cooled.json,10,-1,9,0.5,0,5,aisi1010.json,5,0.5,0.5,0.5,47423.707128901064,0.02,0.02,0.05,12.433500289916992,0.0,0.0,5.7231402,0.12307263,0.7936151,0.9166877,0.8960939,0.9160939,1.8121878,0.68587947,0.68587947,0.8089521,0.23928803,0.23928803,1.1353819
Mag3,copper_water_cooled.json,10,-1,9,0.5,0,5,aisi1010.json,5,0.5,0.5,0.5,14575.604508022683,0.02,0.02,0.05,18.256641387939453,0.00030046442,0.00030046442,5.2290435,0.050300464,0.07030047,0.12030047,0.31905314,0.33905315,0.57275265,0.9210483,0.9210483,0.9710483,0.05,0.05,0.2836995
Mag3,copper_water_cooled.json,10,-1,9,0.5,0,5,aisi1010.json,5,0.5,0.5,0.5,35822.23886105479,0.02,0.02,0.05,23.58568572998047,0.0,0.0,3.0092447,0.071451806,0.75751954,0.7927749,0.44903132,0.4701025,0.8495816,1.6244686,1.6244686,1.6597239,0.3410854,0.3410854,0.7205645
Mag3,copper_water_cooled.json,10,-1,9,0.5,0,5,aisi1010.json,5,0.5,0.5,0.5,35100.98133539404,0.02,0.02,0.05,26.694931030273438,0.00015123251,0.00015123251,2.763763,0.35032338,0.3703234,0.7204955,0.48713934,0.6481265,0.8323403,0.847332,0.847332,1.1975042,1.687732,1.687732,1.8719457
