yoke_type,coil_material,max_turns,J_tar(A/mm2),coil_diam(mm),insulation(mm),winding_radius(mm),yoke_spacer(mm),material,field_density,delta_x(m),delta_y(m),delta_z(m),NI(A),resol_x(m),resol_y(m),resol_z(m),Z_pos(m),Xmgap1(m),Xmgap2(m),Z_len(m),Xcore1(m),Xvoid1(m),Xyoke1(m),Xcore2(m),Xvoid2(m),Xyoke2(m),Ycore1(m),Yvoid1(m),Yyoke1(m),Ycore2(m),Yvoid2(m),Yyoke2(m)
Mag1,copper_water_cooled.json,10,-1,9,0.5,0,5,aisi1010.json,5,0.5,0.5,0.5,59120.14788072363,0.02,0.02,0.05,0.0,0.0,0.0,2.3100002,0.5,0.52,1.02,0.5,0.52,1.02,1.19,1.19,1.69,1.19,1.19,1.69
Mag2,hts_pencake.json,12,583,40,1.0,200,5,aisi1010.json,5,1.0,1.0,1.0,3200000.0,0.02,0.02,0.05,2.4100000858306885,0.0,0.0,6.4572744,0.45,0.6,1.8828518,0.45,0.7562496,2.109304,0.25,0.4,1.5199878,0.25,0.4,1.5034882
Mag3,copper_water_cooled.json,10,-1,9,0.5,0,5,aisi1010.json,5,0.5,0.5,0.5,29863.51801957105,0.02,0.02,0.05,11.524572372436523,0.24158943,0.24158943,4.508117,0.30269146,0.32269144,0.38379347,0.7662781,0.78627807,1.2828764,0.8644701,0.8644701,0.91710013,0.4769276,0.4769276,0.9776176
Mag3,copper_water_cooled.json,10,-1,9,0.5,0,5,aisi1010.json,5,0.5,0.5,0.5,16466.73129435133,0.02,0.02,0.05,16.1326904296875,0.77899194,0.77899194,3.5693944,1.1317232,1.4926184,1.783486,0.82899195,1.7296152,1.7734232,0.563527,0.563527,0.880157,0.86452985,0.86452985,0.98685986
Mag3,copper_water_cooled.json,10,-1,9,0.5,0,5,aisi1010.json,5,0.5,0.5,0.5,30006.182164324717,0.02,0.02,0.05,19.80208396911621,0.0,0.0,3.9027157,0.05680547,0.16320363,0.22000909,0.51145875,1.0514622,1.5364014,0.4864249,0.4864249,0.6439749,1.4696059,1.4696059,2.165246
