yoke_type,coil_material,max_turns,J_tar(A/mm2),coil_diam(mm),insulation(mm),yoke_spacer(mm),material,field_density,delta_x(m),delta_y(m),delta_z(m),NI(A),resol_x(m),resol_y(m),resol_z(m),Z_pos(m),Xmgap1(m),Xmgap2(m),Z_len(m),Xcore1(m),Xvoid1(m),Xyoke1(m),Xcore2(m),Xvoid2(m),Xyoke2(m),Ycore1(m),Yvoid1(m),Yyoke1(m),Ycore2(m),Yvoid2(m),Yyoke2(m)
Mag1,copper_water_cooled.json,10,10,9,0.5,5,aisi1010.json,5,0.5,0.5,0.5,16606.0,0.02,0.02,0.05,0.0,0.0,0.0,4.5200000000000005,0.5,0.52,1.02,0.5,0.52,1.02,1.19,1.19,1.69,1.19,1.19,1.69
Mag1,copper_water_cooled.json,10,10,9,0.5,5,aisi1010.json,5,0.5,0.5,0.5,161542.17,0.02,0.02,0.05,4.62,0.0,0.0,2.9104,0.6483,0.8218,1.774801,0.6014,0.6214000000000001,1.505458,0.11460000000000001,0.11460000000000001,1.067601,0.3737,0.3737,1.257758
Mag1,copper_water_cooled.json,10,10,9,0.5,5,aisi1010.json,5,0.5,0.5,0.5,85249.97,0.02,0.02,0.05,7.6304,0.0,0.0,3.284,0.5416,0.6106,0.968056,0.2755,0.3089,0.49073,0.4772,0.4772,0.8346560000000001,0.141,0.141,0.32283
Mag1,copper_water_cooled.json,10,10,9,0.5,5,aisi1010.json,5,0.5,0.5,0.5,34327.29,0.02,0.02,0.05,11.1144,0.0,0.0,5.7976,0.05,0.14880000000000002,0.2188,0.5214,0.5414,1.27136,0.6564,0.6564,0.7263999999999999,0.05,0.05,0.77996
Mag3,copper_water_cooled.json,10,10,9,0.5,5,aisi1010.json,5,0.5,0.5,0.5,70056.44,0.02,0.02,0.05,17.012,0.0149,0.0149,2.5505999999999998,0.0665,0.0865,0.130876,0.066,0.0861,0.130046,0.7292000000000001,0.7292000000000001,0.773576,0.557,0.557,0.6009460000000001
Mag3,copper_water_cooled.json,10,10,9,0.5,5,aisi1010.json,5,0.5,0.5,0.5,67362.87,0.02,0.02,0.05,19.6626,0.0007000000000000001,0.0007000000000000001,5.888,0.0507,0.07070000000000001,0.1337,0.32609999999999995,0.34939999999999993,0.759404,0.7757,0.7757,0.8387,0.42950000000000005,0.42950000000000005,0.839504
Mag3,copper_water_cooled.json,10,10,9,0.5,5,aisi1010.json,5,0.5,0.5,0.5,169937.25,0.02,0.02,0.05,25.6506,0.004,0.004,2.9954,0.055900000000000005,0.07590000000000001,0.144408,0.6329,0.8125,1.642648,0.7989,0.7989,0.8674080000000001,0.546,0.546,1.3761480000000001
